Kode Produk,Nama Produk,Kategori,Engine,Prediksi,Safety Stock,ROP,Stok Aktual,Level Stok,Order Qty,Status
ASF-01,AFOLAT,Fast-Moving,XGBoost,0.93,1.48,2.41,1.0,41.49377593360995,1.41,🔴 PERLU ORDER
ASF-0106,PARAMEX NYERI OTOT,Fast-Moving,XGBoost,0.89,1.35,2.24,24.0,100.0,0.0,🟢 AMAN
ASF-0107,BODREX FLU & BATUK BERDAHAK PE TAB,Fast-Moving,XGBoost,1.0,2.14,3.14,19.0,100.0,0.0,🟢 AMAN
ASF-0108,BODREX FLU & BATUK TIDAK BERDAHAK PE TAB,Fast-Moving,XGBoost,0.89,1.6,2.49,28.0,100.0,0.0,🟢 AMAN
ASF-0109,BODREX MIGRA,Fast-Moving,XGBoost,1.07,1.5,2.57,25.0,100.0,0.0,🟢 AMAN
ASF-0110,OSKADON SAKIT KEPALA,Fast-Moving,XGBoost,1.08,2.72,3.8,31.0,100.0,0.0,🟢 AMAN
ASF-0112,BODREX FLU,Fast-Moving,XGBoost,0.89,1.03,1.92,19.0,100.0,0.0,🟢 AMAN
ASF-0113,BODREX EXTRA,Fast-Moving,XGBoost,2.09,5.31,7.4,0.0,0.0,7.4,🔴 PERLU ORDER
ASF-0114,OSKADON SP,Fast-Moving,XGBoost,2.47,3.45,5.92,2.0,33.78378378378378,3.92,🔴 PERLU ORDER
ASF-0115,KONIDIN TABLET,Fast-Moving,XGBoost,0.94,1.6,2.54,2.0,78.74015748031495,0.54,🔴 PERLU ORDER
ASF-0116,CONTREXYN TABLET,Fast-Moving,XGBoost,1.13,1.69,2.82,18.0,100.0,0.0,🟢 AMAN
ASF-0118,ANTIMO,Fast-Moving,XGBoost,1.07,2.31,3.38,10.0,100.0,0.0,🟢 AMAN
ASF-0157,COMBANTRIN SYR,Fast-Moving,XGBoost,0.9,1.46,2.36,0.0,0.0,2.36,🔴 PERLU ORDER
ASF-0192,NEO NAPACIN,Fast-Moving,XGBoost,0.89,1.59,2.48,52.0,100.0,0.0,🟢 AMAN
ASF-0197,BODREXIN TABLET,Fast-Moving,XGBoost,0.9,1.85,2.75,0.0,0.0,2.75,🔴 PERLU ORDER
ASF-0198,BODREX BESAR,Fast-Moving,XGBoost,2.41,7.09,9.5,9.0,94.73684210526315,0.5,🔴 PERLU ORDER
ASF-0199,COMBANTRIN TABLET,Fast-Moving,XGBoost,0.95,1.94,2.89,49.0,100.0,0.0,🟢 AMAN
ASF-0203,AMBEVEN,Fast-Moving,XGBoost,1.21,3.17,4.38,1.0,22.831050228310502,3.38,🔴 PERLU ORDER
ASF-0206,KEJIBELING KAPSUL,Fast-Moving,XGBoost,0.88,1.37,2.25,0.0,0.0,2.25,🔴 PERLU ORDER
ASF-0223,BYEBYE FIVER ANAK-ANAK,Fast-Moving,XGBoost,1.02,2.3,3.32,22.0,100.0,0.0,🟢 AMAN
ASF-0224,BYEBYE FIVER BAYI,Fast-Moving,XGBoost,0.96,2.48,3.44,14.0,100.0,0.0,🟢 AMAN
ASF-0225,BYEBYE FIVER DEWASA,Fast-Moving,XGBoost,0.93,1.51,2.44,9.0,100.0,0.0,🟢 AMAN
ASF-0230,PROMAG TABLET,Fast-Moving,XGBoost,1.09,4.09,5.18,6.0,100.0,0.0,🟢 AMAN
ASF-0364,ROHTO COOL,Fast-Moving,XGBoost,0.88,1.37,2.25,7.0,100.0,0.0,🟢 AMAN
ASF-0413,WINATIN TABLET,Fast-Moving,XGBoost,1.02,1.36,2.38,0.0,0.0,2.38,🔴 PERLU ORDER
ASF-0414,POLYSILANE TABLET,Fast-Moving,XGBoost,0.89,1.73,2.62,7.0,100.0,0.0,🟢 AMAN
ASF-0415,MYLANTA TABLET,Fast-Moving,XGBoost,0.89,1.42,2.31,17.0,100.0,0.0,🟢 AMAN
ASF-0417,ANFLAT TABLET,Fast-Moving,XGBoost,0.9,1.08,1.98,14.0,100.0,0.0,🟢 AMAN
ASF-0419,HUFAMAG PLUS TABLET,Fast-Moving,XGBoost,1.8,3.66,5.46,18.0,100.0,0.0,🟢 AMAN
ASF-0420,ANTASIDA DOEN TABLET ERRITA,Fast-Moving,XGBoost,1.0,1.64,2.64,50.0,100.0,0.0,🟢 AMAN
ASF-0421,DEXANTA TABLET,Fast-Moving,XGBoost,0.89,1.33,2.22,0.0,0.0,2.22,🔴 PERLU ORDER
ASF-0430,ALLERON TABLET,Fast-Moving,XGBoost,1.14,2.38,3.52,23.0,100.0,0.0,🟢 AMAN
ASF-0431,ORPHEN TABLET,Fast-Moving,XGBoost,0.89,1.26,2.15,3.0,100.0,0.0,🟢 AMAN
ASF-0432,HUFARIZINE TAB,Fast-Moving,XGBoost,1.06,2.14,3.2,0.0,0.0,3.2,🔴 PERLU ORDER
ASF-0433,LERZIN TABLET,Fast-Moving,XGBoost,2.48,5.72,8.2,36.0,100.0,0.0,🟢 AMAN
ASF-0434,CETRIZINE HCI HOLI,Fast-Moving,XGBoost,8.87,11.99,20.86,0.0,0.0,20.86,🔴 PERLU ORDER
ASF-0435,MANTINO TABLET,Fast-Moving,XGBoost,1.02,2.05,3.07,24.0,100.0,0.0,🟢 AMAN
ASF-0437,DEGIROL,Fast-Moving,XGBoost,1.17,1.61,2.78,9.0,100.0,0.0,🟢 AMAN
ASF-0448,HUFAGRIPP FLU BATUK ANAK,Fast-Moving,XGBoost,0.89,1.8,2.69,1.0,37.17472118959108,1.69,🔴 PERLU ORDER
ASF-0450,PRORIS IBU PROFEN SYR,Fast-Moving,XGBoost,0.89,1.11,2.0,3.0,100.0,0.0,🟢 AMAN
ASF-0454,BROMIFAR PLUS,Fast-Moving,XGBoost,0.89,1.28,2.17,12.0,100.0,0.0,🟢 AMAN
ASF-0455,ACETYLCYSTEINE,Fast-Moving,XGBoost,1.01,1.45,2.46,0.0,0.0,2.46,🔴 PERLU ORDER
ASF-0456,GRANTUSIF,Fast-Moving,XGBoost,0.89,1.36,2.25,12.0,100.0,0.0,🟢 AMAN
ASF-0459,INTUNAL-F TABLET,Fast-Moving,XGBoost,0.9,1.45,2.35,3.0,100.0,0.0,🟢 AMAN
ASF-065,DIAPET NR,Fast-Moving,XGBoost,0.88,1.35,2.23,0.0,0.0,2.23,🔴 PERLU ORDER
ASF-092,PARAMEX SAKIT KEPALA,Fast-Moving,XGBoost,1.49,4.39,5.88,0.0,0.0,5.88,🔴 PERLU ORDER
ASF-093,MIXAGRIP FLU,Fast-Moving,XGBoost,0.99,2.65,3.64,0.0,0.0,3.64,🔴 PERLU ORDER
ASF-094,ENERVON-C,Fast-Moving,XGBoost,1.14,2.1,3.24,8.0,100.0,0.0,🟢 AMAN
ASF-095,MIXAGRIP FLU&BATUK,Fast-Moving,XGBoost,0.9,1.29,2.19,13.0,100.0,0.0,🟢 AMAN
OB-ACY5MGSALGEN,ACYCLOVIR SALEP SAMPHARINDO,Fast-Moving,XGBoost,0.89,1.26,2.15,11.0,100.0,0.0,🟢 AMAN
OB-ALLCOMTETMAT,ALLETROL COMPASITUM TETES MATA,Fast-Moving,XGBoost,0.89,1.35,2.24,8.0,100.0,0.0,🟢 AMAN
OB-ALO100,ALOFAR 100MG,Fast-Moving,XGBoost,15.47,21.99,37.46,22.0,58.72931126534971,15.46,🔴 PERLU ORDER
OB-ALO300,ALOFAR 300,Fast-Moving,XGBoost,7.44,14.6,22.04,6.0,27.223230490018153,16.04,🔴 PERLU ORDER
OB-ALPTAB,ALPARA TABLET,Fast-Moving,XGBoost,1.06,1.91,2.97,28.0,100.0,0.0,🟢 AMAN
OB-AMBHYDTAB30M,AMBROXOL TRIFA,Fast-Moving,XGBoost,4.58,14.86,19.44,95.0,100.0,0.0,🟢 AMAN
OB-AML10MSAM,AMLODIPINE 10MG SAMPHARINDO,Fast-Moving,XGBoost,19.42,15.98,35.4,0.0,0.0,35.4,🔴 PERLU ORDER
OB-AML10MTRI,AMLODIPINE 10MG TRIFA,Fast-Moving,XGBoost,1.08,5.76,6.84,7.0,100.0,0.0,🟢 AMAN
OB-AMLBES300,AMLODHIPIN 5MG SAMPHARINDO,Fast-Moving,XGBoost,19.43,25.35,44.78,0.0,0.0,44.78,🔴 PERLU ORDER
OB-AMOTRITAB500,AMOXICILLIN TRIHYDRATE OGB DEXA,Fast-Moving,XGBoost,16.3,31.01,47.31,0.0,0.0,47.31,🔴 PERLU ORDER
OB-ANAFORTAB,ANASTAN FORTE TABLET,Fast-Moving,XGBoost,23.49,30.75,54.24,28.0,51.62241887905604,26.24,🔴 PERLU ORDER
OB-ANAKAP,ANATON TABLET,Fast-Moving,XGBoost,0.9,1.6,2.5,0.0,0.0,2.5,🔴 PERLU ORDER
OB-ANATAB,ANALPIM TABLET,Fast-Moving,XGBoost,1.1,2.93,4.03,19.0,100.0,0.0,🟢 AMAN
OB-ANDKBINJ3BUL1ML,ANDALAN KB INJEKSI 3 BULAN 1 ML,Fast-Moving,XGBoost,0.99,3.42,4.41,12.0,100.0,0.0,🟢 AMAN
OB-ANDPILKB,ANDALAN PIL KB BIRU/LEMPENG,Fast-Moving,XGBoost,1.82,5.58,7.4,0.0,0.0,7.4,🔴 PERLU ORDER
OB-ANTDEOGEN,ANTASIDA DOEN HOLI,Fast-Moving,XGBoost,0.93,2.55,3.48,0.0,0.0,3.48,🔴 PERLU ORDER
OB-AXATAB,AXAPROFEN,Fast-Moving,XGBoost,0.9,1.39,2.29,0.0,0.0,2.29,🔴 PERLU ORDER
OB-BETSAL,BETAMETHASHON SALEP BERNOFARM,Fast-Moving,XGBoost,0.93,1.73,2.66,0.0,0.0,2.66,🔴 PERLU ORDER
OB-BIOSAL,BIOPLACENTON SALEP,Fast-Moving,XGBoost,0.88,1.26,2.14,0.0,0.0,2.14,🔴 PERLU ORDER
OB-BRO4MGTAB,BRONCHOSAL 4MG TAB,Fast-Moving,XGBoost,17.34,56.33,73.67,0.0,0.0,73.67,🔴 PERLU ORDER
OB-BROTAB,BRONCHITIN TAB,Fast-Moving,XGBoost,6.93,7.87,14.8,14.0,94.5945945945946,0.8,🔴 PERLU ORDER
OB-BUF,BUFACARYL,Fast-Moving,XGBoost,11.4,12.01,23.41,23.0,98.24861170439982,0.41,🔴 PERLU ORDER
OB-CAR,CARGESIC,Fast-Moving,XGBoost,11.82,18.24,30.06,10.0,33.266799733865604,20.06,🔴 PERLU ORDER
OB-CAR05,"CARBIDU 0,5",Fast-Moving,XGBoost,18.89,19.94,38.83,25.0,64.38320885912954,13.83,🔴 PERLU ORDER
OB-CAR075,"CARBIDU 0,75",Fast-Moving,XGBoost,16.07,17.52,33.59,82.0,100.0,0.0,🟢 AMAN
OB-CAT,CATAFLAM,Fast-Moving,XGBoost,6.35,4.47,10.82,22.0,100.0,0.0,🟢 AMAN
OB-CEF200OBGDEX,CEFIXIME 200 OGB DEXA,Fast-Moving,XGBoost,11.65,25.87,37.52,9.0,23.987206823027716,28.52,🔴 PERLU ORDER
OB-CEFMON500MEP,CEFADROXIL MONOHYDRATE 500MG MEPRO,Fast-Moving,XGBoost,7.0,12.44,19.44,70.0,100.0,0.0,🟢 AMAN
OB-CEFTRI100OGB,CEFIXIME TRIHYDRATE 100MG OGB,Fast-Moving,XGBoost,6.19,12.55,18.74,3.0,16.008537886873,15.74,🔴 PERLU ORDER
OB-CENXIT5ML,CENDO XITROL 5ML,Fast-Moving,XGBoost,0.89,1.35,2.24,0.0,0.0,2.24,🔴 PERLU ORDER
OB-CIPHCIMON,CIPROFLOXACIN HCI BERNOFARM,Fast-Moving,XGBoost,1.6,3.34,4.94,0.0,0.0,4.94,🔴 PERLU ORDER
OB-COLSUSSYR60M,COLDREXIN SUSPENSI SYR,Fast-Moving,XGBoost,0.89,1.36,2.25,4.0,100.0,0.0,🟢 AMAN
OB-COPTAB,COPARCETIN TABLET,Fast-Moving,XGBoost,0.88,1.63,2.51,21.0,100.0,0.0,🟢 AMAN
OB-COSTAB,COSTAN TAB,Fast-Moving,XGBoost,29.22,29.17,58.39,31.0,53.091282753896216,27.39,🔴 PERLU ORDER
OB-DEMTAB,DEMACOLIN TAB,Fast-Moving,XGBoost,0.9,1.17,2.07,3.0,100.0,0.0,🟢 AMAN
OB-DEX,DEXTAF,Fast-Moving,XGBoost,3.82,8.18,12.0,22.0,100.0,0.0,🟢 AMAN
OB-DEX05M,"DEXAHARSEN 0,5MG",Fast-Moving,XGBoost,2.66,4.43,7.09,54.0,100.0,0.0,🟢 AMAN
OB-DEX075,"DEXAHARSEN 0,75MG",Fast-Moving,XGBoost,16.66,36.38,53.04,35.0,65.98793363499246,18.04,🔴 PERLU ORDER
OB-DEXPLU,DEXTEEM PLUS,Fast-Moving,XGBoost,47.74,48.85,96.59,4.0,4.141215446733616,92.59,🔴 PERLU ORDER
OB-DIATAB,DIASTRIK TAB,Fast-Moving,XGBoost,8.26,15.59,23.85,79.0,100.0,0.0,🟢 AMAN
OB-DOB,DOBRIZOLE,Fast-Moving,XGBoost,6.2,18.85,25.05,0.0,0.0,25.05,🔴 PERLU ORDER
OB-DRA,DRAMAMINE,Fast-Moving,XGBoost,11.71,17.11,28.82,9.0,31.228313671061763,19.82,🔴 PERLU ORDER
OB-DULTAB,DULCOLAX TAB,Fast-Moving,XGBoost,0.91,1.33,2.24,13.0,100.0,0.0,🟢 AMAN
OB-ELT,ELTAZON,Fast-Moving,XGBoost,1.03,2.19,3.22,3.0,93.16770186335404,0.22,🔴 PERLU ORDER
OB-ERLSALMAT,ERLAMYCETIN SALEP MATA,Fast-Moving,XGBoost,0.88,1.32,2.2,2.0,90.9090909090909,0.2,🔴 PERLU ORDER
OB-ERP1,ERPHAFLAM,Fast-Moving,XGBoost,24.95,38.15,63.1,48.0,76.06973058637084,15.1,🔴 PERLU ORDER
OB-FAR400,FARSIFEN 400MG TAB,Fast-Moving,XGBoost,11.53,25.81,37.34,78.0,100.0,0.0,🟢 AMAN
OB-FARPLU,FARSIFEN PLUS,Fast-Moving,XGBoost,0.89,1.26,2.15,28.0,100.0,0.0,🟢 AMAN
OB-FARTAB500,FARIZOL TAB 500MG,Fast-Moving,XGBoost,5.86,17.69,23.55,15.0,63.69426751592356,8.55,🔴 PERLU ORDER
OB-FASPLUTAB,FASIDOL PLUS TABLET,Fast-Moving,XGBoost,0.89,1.41,2.3,5.0,100.0,0.0,🟢 AMAN
OB-FASTAB,FASIDOL TABLET,Fast-Moving,XGBoost,1.49,3.39,4.88,24.0,100.0,0.0,🟢 AMAN
OB-FAX20,FAXIDEN 20MG TAB,Fast-Moving,XGBoost,31.47,41.0,72.47,373.0,100.0,0.0,🟢 AMAN
OB-FGTROMEI,FG TROCHES MEIJI,Fast-Moving,XGBoost,5.96,16.21,22.17,0.0,0.0,22.17,🔴 PERLU ORDER
OB-FLU,FLUCADEX TABLET,Fast-Moving,XGBoost,1.06,2.63,3.69,40.0,100.0,0.0,🟢 AMAN
OB-FLUTAB,FLUNADINE TABLET,Fast-Moving,XGBoost,0.89,1.37,2.26,6.0,100.0,0.0,🟢 AMAN
OB-FLUTAB1,FLUTAMOL TABLET,Fast-Moving,XGBoost,0.89,1.35,2.24,15.0,100.0,0.0,🟢 AMAN
OB-FUR,FUROSEMIDE,Fast-Moving,XGBoost,11.14,16.69,27.83,190.0,100.0,0.0,🟢 AMAN
OB-GAS,GASELA,Fast-Moving,XGBoost,2.41,5.26,7.67,17.0,100.0,0.0,🟢 AMAN
OB-GENSAL,GENALTEN SALEP,Fast-Moving,XGBoost,0.89,1.49,2.38,1.0,42.016806722689076,1.38,🔴 PERLU ORDER
OB-GLI2MG,GLIMEPIRIDE 2MG HJ,Fast-Moving,XGBoost,4.06,4.25,8.31,38.0,100.0,0.0,🟢 AMAN
OB-GLI500,GLIKOS 500,Fast-Moving,XGBoost,12.72,13.62,26.34,3.0,11.389521640091116,23.34,🔴 PERLU ORDER
OB-GOM,GOM,Fast-Moving,XGBoost,0.89,1.43,2.32,3.0,100.0,0.0,🟢 AMAN
OB-GRA2MG,GRAFALIN 2MG,Fast-Moving,XGBoost,11.02,21.74,32.76,13.0,39.682539682539684,19.76,🔴 PERLU ORDER
OB-GRA4MG,GRAFALIN 4MG,Fast-Moving,XGBoost,48.62,69.74,118.36,81.0,68.43528218992903,37.36,🔴 PERLU ORDER
OB-HISTAB,HISTIGO TAB,Fast-Moving,XGBoost,9.03,40.55,49.58,38.0,76.64380798709158,11.58,🔴 PERLU ORDER
OB-HUF,HUFRALGIN,Fast-Moving,XGBoost,2.53,18.81,21.34,180.0,100.0,0.0,🟢 AMAN
OB-HUF500,HUFANOXIL TAB/LEMPENG,Fast-Moving,XGBoost,26.25,32.52,58.77,1.0,1.7015484090522375,57.77,🔴 PERLU ORDER
OB-HUFBATSYR60MHIJ,HUFAGRIPP BP KERING ANAK,Fast-Moving,XGBoost,0.92,1.4,2.32,0.0,0.0,2.32,🔴 PERLU ORDER
OB-HUFFORTAB,HUFAGRIPP FORTE TABLET,Fast-Moving,XGBoost,1.03,2.1,3.13,28.0,100.0,0.0,🟢 AMAN
OB-HUFPILSYR60MBIR,HUFAGRIPP PILEK ANAK,Fast-Moving,XGBoost,0.89,1.12,2.01,6.0,100.0,0.0,🟢 AMAN
OB-IBUPRO400TRI,IBU PROFEN 400MG TRIFA,Fast-Moving,XGBoost,10.7,16.35,27.05,110.0,100.0,0.0,🟢 AMAN
OB-ICHZAL,ICHTIYOL ZALF,Fast-Moving,XGBoost,0.9,1.23,2.13,3.0,100.0,0.0,🟢 AMAN
OB-INSCOOTETMATPTPHEACAR,INSTO COOL,Fast-Moving,XGBoost,0.89,1.35,2.24,6.0,100.0,0.0,🟢 AMAN
OB-INSREGTETMATPTPHEACAR,INSTO REGULER,Fast-Moving,XGBoost,0.89,1.3,2.19,4.0,100.0,0.0,🟢 AMAN
OB-KAD,KADITIC,Fast-Moving,XGBoost,9.74,15.43,25.17,30.0,100.0,0.0,🟢 AMAN
OB-KALSAL,KALPANAK SALEP,Fast-Moving,XGBoost,1.13,1.51,2.64,0.0,0.0,2.64,🔴 PERLU ORDER
OB-KETSAL,KETOKENAZOOLE SALEP,Fast-Moving,XGBoost,0.88,1.44,2.32,0.0,0.0,2.32,🔴 PERLU ORDER
OB-LAC,LACTO-B,Fast-Moving,XGBoost,4.64,5.44,10.08,33.0,100.0,0.0,🟢 AMAN
OB-LERSYR,LERZIN SYR,Fast-Moving,XGBoost,0.89,1.52,2.41,0.0,0.0,2.41,🔴 PERLU ORDER
OB-LICTAB,LICOKALK TAB,Fast-Moving,XGBoost,1.06,2.85,3.91,0.0,0.0,3.91,🔴 PERLU ORDER
OB-LOKTAB,LOKEV TAB,Fast-Moving,XGBoost,22.13,28.76,50.89,8.0,15.720180782078993,42.89,🔴 PERLU ORDER
OB-MET4MGTABPTH,METHYL 4MG TAB (PT.HJHEXPHARMA),Fast-Moving,XGBoost,16.54,38.02,54.56,0.0,0.0,54.56,🔴 PERLU ORDER
OB-MET4MGTABPTT,METHYL 4MG TAB (PT.TRIFA),Fast-Moving,XGBoost,18.66,46.76,65.42,910.0,100.0,0.0,🟢 AMAN
OB-METHCL500,METFORMIN HCL 500MG HJ,Fast-Moving,XGBoost,23.57,12.42,35.99,53.0,100.0,0.0,🟢 AMAN
OB-MEX,MEXON,Fast-Moving,XGBoost,43.22,43.21,86.43,26.0,30.08214740252227,60.43,🔴 PERLU ORDER
OB-MICGEL,MICROLAX GEL,Fast-Moving,XGBoost,0.89,1.43,2.32,0.0,0.0,2.32,🔴 PERLU ORDER
OB-MICNIT,MICONAZOLE NITRATE SALEP,Fast-Moving,XGBoost,0.89,1.49,2.38,6.0,100.0,0.0,🟢 AMAN
OB-MIRFOR,MIRASIC FORTE,Fast-Moving,XGBoost,0.89,1.3,2.19,15.0,100.0,0.0,🟢 AMAN
OB-MIRTAB,MIRASIC-PLUS TAB,Fast-Moving,XGBoost,0.89,1.47,2.36,0.0,0.0,2.36,🔴 PERLU ORDER
OB-MIRTAB1,MIRASIC TAB,Fast-Moving,XGBoost,1.7,2.77,4.47,9.0,100.0,0.0,🟢 AMAN
OB-MIX,MIXALGIN,Fast-Moving,XGBoost,20.98,46.95,67.93,33.0,48.57941999116737,34.93,🔴 PERLU ORDER
OB-MOL05,"MOLACORT 0,5",Fast-Moving,XGBoost,33.03,27.42,60.45,55.0,90.98428453267162,5.45,🔴 PERLU ORDER
OB-MOL075MGTAB,"MOLACORT 0,75 MG TAB",Fast-Moving,XGBoost,32.76,37.31,70.07,83.0,100.0,0.0,🟢 AMAN
OB-MUCDROSYR,MUCOS DROP,Fast-Moving,XGBoost,0.89,1.46,2.35,3.0,100.0,0.0,🟢 AMAN
OB-MYCCRE,MYCORAL CREAM,Fast-Moving,XGBoost,0.89,1.26,2.15,0.0,0.0,2.15,🔴 PERLU ORDER
OB-MYLSYR50M,MYLANTA SYR 50ML,Fast-Moving,XGBoost,0.89,0.95,1.84,1.0,54.347826086956516,0.84,🔴 PERLU ORDER
OB-NAC,NACL,Fast-Moving,XGBoost,0.89,1.51,2.4,4.0,100.0,0.0,🟢 AMAN
OB-NEUFOR,NEUROBION FORTE TAB MERAH,Fast-Moving,XGBoost,0.93,1.5,2.43,7.0,100.0,0.0,🟢 AMAN
OB-NEUINJ,NEUROBION INJEKSI,Fast-Moving,XGBoost,0.88,1.45,2.33,0.0,0.0,2.33,🔴 PERLU ORDER
OB-NEURX,NEURALGIN RX,Fast-Moving,XGBoost,10.05,24.32,34.37,7.0,20.366598778004075,27.37,🔴 PERLU ORDER
OB-NISSAL,NISAGON SALEP,Fast-Moving,XGBoost,0.89,1.4,2.29,3.0,100.0,0.0,🟢 AMAN
OB-NOV500,NOVAMOX 500MG,Fast-Moving,XGBoost,2.15,10.78,12.93,0.0,0.0,12.93,🔴 PERLU ORDER
OB-NOVTAB1,NOVASTAN TAB,Fast-Moving,XGBoost,19.02,31.61,50.63,10.0,19.751135690302192,40.63,🔴 PERLU ORDER
OB-OBHCOMANASTR,OBH COMBI ANAK STRAWBERRY 60ML,Fast-Moving,XGBoost,0.89,1.43,2.32,4.0,100.0,0.0,🟢 AMAN
OB-OMEGEN,OMEPRAZOLE MEGA,Fast-Moving,XGBoost,14.61,21.04,35.65,9.0,25.245441795231415,26.65,🔴 PERLU ORDER
OB-ONDHCLMEG,ONDANSETRON 4MG TAB MEGA,Fast-Moving,XGBoost,5.22,9.1,14.32,0.0,0.0,14.32,🔴 PERLU ORDER
OB-PARTAB,PARATUSIN TAB,Fast-Moving,XGBoost,0.93,1.45,2.38,6.0,100.0,0.0,🟢 AMAN
OB-PARTRI,PARACETAMOL TRIFA TABLET,Fast-Moving,XGBoost,1.0,2.41,3.41,0.0,0.0,3.41,🔴 PERLU ORDER
OB-PIKANSHUCR,PI KANG SHUANG CR,Fast-Moving,XGBoost,1.03,3.26,4.29,2.0,46.620046620046615,2.29,🔴 PERLU ORDER
OB-PIR20M,PIROXICAM 20MG (FIRS MEDIPHARMA),Fast-Moving,XGBoost,2.04,3.53,5.57,0.0,0.0,5.57,🔴 PERLU ORDER
OB-POLPLU,POLOFAR PLUS,Fast-Moving,XGBoost,1.47,3.32,4.79,14.0,100.0,0.0,🟢 AMAN
OB-POLSYR50M,POLYSILANE SYR 100ML,Fast-Moving,XGBoost,0.89,1.04,1.93,3.0,100.0,0.0,🟢 AMAN
OB-PONTAB,PONSTAN TAB,Fast-Moving,XGBoost,5.06,6.9,11.96,100.0,100.0,0.0,🟢 AMAN
OB-PRO4MG,PRONICY 4MG,Fast-Moving,XGBoost,12.03,24.5,36.53,280.0,100.0,0.0,🟢 AMAN
OB-RANHCL150GENHJ,RANITIDINE 150MG HJ,Fast-Moving,XGBoost,15.36,39.48,54.84,9.0,16.411378555798688,45.84,🔴 PERLU ORDER
OB-RANHYD,RANITIDINE 150MG HOLI,Fast-Moving,XGBoost,2.36,5.27,7.63,0.0,0.0,7.63,🔴 PERLU ORDER
OB-REN,RENADINAC,Fast-Moving,XGBoost,39.59,39.97,79.56,9.0,11.312217194570136,70.56,🔴 PERLU ORDER
OB-RENTAB,RENABETIK TAB,Fast-Moving,XGBoost,44.75,66.71,111.46,55.0,49.34505652251929,56.46,🔴 PERLU ORDER
OB-RHE,RHEMAFAR 4MG,Fast-Moving,XGBoost,23.23,17.92,41.15,48.0,100.0,0.0,🟢 AMAN
OB-RHISR,RHINOS SR,Fast-Moving,XGBoost,0.88,1.44,2.32,0.0,0.0,2.32,🔴 PERLU ORDER
OB-RL1,RINGER LACTAT,Fast-Moving,XGBoost,1.06,4.99,6.05,18.0,100.0,0.0,🟢 AMAN
OB-SAL88,SALEP 88,Fast-Moving,XGBoost,0.91,1.39,2.3,12.0,100.0,0.0,🟢 AMAN
OB-SAM,SAMTAFLAM,Fast-Moving,XGBoost,12.56,31.63,44.19,33.0,74.6775288526816,11.19,🔴 PERLU ORDER
OB-SAMTAB,SAMCODIN TAB,Fast-Moving,XGBoost,0.88,2.89,3.77,28.0,100.0,0.0,🟢 AMAN
OB-SAMTAB1,SAMCONAL TAB,Fast-Moving,XGBoost,2.23,2.57,4.8,16.0,100.0,0.0,🟢 AMAN
OB-SANDRO,SANMOL DROPS,Fast-Moving,XGBoost,0.89,1.37,2.26,4.0,100.0,0.0,🟢 AMAN
OB-SANSYR60M,SANMOL SYR 60ML,Fast-Moving,XGBoost,0.99,1.66,2.65,4.0,100.0,0.0,🟢 AMAN
OB-SANTAB,SANMOL TABLET,Fast-Moving,XGBoost,1.01,3.46,4.47,25.0,100.0,0.0,🟢 AMAN
OB-SANTAB1,SANGOBION TAB,Fast-Moving,XGBoost,0.93,2.08,3.01,10.0,100.0,0.0,🟢 AMAN
OB-SIM10M,SIMVASTATIN 10MG TAB,Fast-Moving,XGBoost,8.03,8.15,16.18,0.0,0.0,16.18,🔴 PERLU ORDER
OB-SOL,SOLINFEC SALEP,Fast-Moving,XGBoost,0.93,1.26,2.19,3.0,100.0,0.0,🟢 AMAN
OB-SUCOBGDEX,SUCRALFATE OBG DEXA,Fast-Moving,XGBoost,0.9,1.23,2.13,5.0,100.0,0.0,🟢 AMAN
OB-SUP,SUPERTETRA,Fast-Moving,XGBoost,5.22,11.74,16.96,17.0,100.0,0.0,🟢 AMAN
OB-SYNSAL1,SYNALTEN SALEP,Fast-Moving,XGBoost,0.9,1.45,2.35,0.0,0.0,2.35,🔴 PERLU ORDER
OB-TABTAMDAR,TABLET TAMBAH DARAH,Fast-Moving,XGBoost,0.92,2.03,2.95,0.0,0.0,2.95,🔴 PERLU ORDER
OB-TEO,TEOSAL,Fast-Moving,XGBoost,17.04,23.65,40.69,30.0,73.72818874416319,10.69,🔴 PERLU ORDER
OB-TERF,TERA-F TABLET,Fast-Moving,XGBoost,2.16,3.3,5.46,57.0,100.0,0.0,🟢 AMAN
OB-VOL,VOLTADEX,Fast-Moving,XGBoost,34.84,49.99,84.83,33.0,38.90133207591654,51.83,🔴 PERLU ORDER
OB-WIR20,WIROS 20,Fast-Moving,XGBoost,47.4,45.99,93.39,46.0,49.25580897312346,47.39,🔴 PERLU ORDER
OB-YUSSYR,YUSIMOX SYR,Fast-Moving,XGBoost,0.89,1.37,2.26,2.0,88.49557522123894,0.26,🔴 PERLU ORDER
OB-YUSTAB500,YUSIMOX TAB 500MG,Fast-Moving,XGBoost,20.02,37.78,57.8,20.0,34.602076124567475,37.8,🔴 PERLU ORDER
OB-ZENSAL,ZENSODERM SALEP,Fast-Moving,XGBoost,0.89,1.37,2.26,0.0,0.0,2.26,🔴 PERLU ORDER
OB-ZORKRI,ZORALIN KRIM,Fast-Moving,XGBoost,0.89,1.43,2.32,8.0,100.0,0.0,🟢 AMAN
OB-ZORTAB,ZORALIN TAB,Fast-Moving,XGBoost,29.71,36.1,65.81,18.0,27.35146634250114,47.81,🔴 PERLU ORDER
UM-TESKEHINS,TES KEHAMILAN INSTAN,Fast-Moving,XGBoost,2.15,3.53,5.68,0.0,0.0,5.68,🔴 PERLU ORDER
UM-ZUDAIFU,ZU DAI FU,Fast-Moving,XGBoost,0.89,1.41,2.3,0.0,0.0,2.3,🔴 PERLU ORDER
ASF-0122,DRAGON BEDAK SALICYL MENTHOL,Slow-Moving,MA-4,1.0,0.82,1.82,0.0,0.0,1.82,🔴 PERLU ORDER
ASF-0156,VERMINT,Slow-Moving,MA-4,1.0,0.0,1.0,6.0,100.0,0.0,🟢 AMAN
ASF-0170,PEDITOX,Slow-Moving,MA-4,1.0,0.82,1.82,0.0,0.0,1.82,🔴 PERLU ORDER
ASF-0213,BETADINE FEMININE HYGIENE,Slow-Moving,MA-4,1.0,0.82,1.82,3.0,100.0,0.0,🟢 AMAN
ASF-0229,BETADINE KUMUR 100ML,Slow-Moving,MA-4,1.0,0.82,1.82,2.0,100.0,0.0,🟢 AMAN
ASF-0363,ROHTO,Slow-Moving,MA-4,1.0,0.0,1.0,6.0,100.0,0.0,🟢 AMAN
ASF-0397,SAKATONIK ACTIV,Slow-Moving,MA-4,1.0,0.82,1.82,1.0,54.94505494505494,0.82,🔴 PERLU ORDER
ASF-0423,LECOZINC TABLET,Slow-Moving,MA-4,1.0,0.82,1.82,16.0,100.0,0.0,🟢 AMAN
ASF-0428,KOFIREN TABLET,Slow-Moving,MA-4,1.5,0.82,2.32,3.0,100.0,0.0,🟢 AMAN
ASF-0440,KOMIX SACHET RASA JAHE/SACHET,Slow-Moving,MA-4,1.0,0.82,1.82,8.0,100.0,0.0,🟢 AMAN
ASF-0453,BROMIFAR,Slow-Moving,MA-4,1.0,0.82,1.82,4.0,100.0,0.0,🟢 AMAN
OB-ACI200,ACIFAR 200MG,Slow-Moving,MA-4,10.0,8.25,18.25,0.0,0.0,18.25,🔴 PERLU ORDER
OB-ACITAB400,ACIFAR 400MG,Slow-Moving,MA-4,10.0,8.25,18.25,0.0,0.0,18.25,🔴 PERLU ORDER
OB-ALLKID,ALLERCYL KIDS,Slow-Moving,MA-4,1.0,0.82,1.82,0.0,0.0,1.82,🔴 PERLU ORDER
OB-AMBHYDKOT,AMBROXOL ERRITA TAB,Slow-Moving,MA-4,1.0,0.82,1.82,1.0,54.94505494505494,0.82,🔴 PERLU ORDER
OB-AML5MGSAM,AMLODIPINE 5MG SAMCO,Slow-Moving,MA-4,3.25,2.44,5.69,37.0,100.0,0.0,🟢 AMAN
OB-AMLBES10MSAM,AMLODIPINE 10MG SAMCO,Slow-Moving,MA-4,3.0,2.47,5.47,32.0,100.0,0.0,🟢 AMAN
OB-ANABTKSYR,ANACETIN BTK&FLU SYR,Slow-Moving,MA-4,2.0,1.65,3.65,1.0,27.397260273972602,2.65,🔴 PERLU ORDER
OB-ANFSYR100,ANFLAT SYR,Slow-Moving,MA-4,1.5,0.82,2.32,2.0,86.20689655172414,0.32,🔴 PERLU ORDER
OB-ANTDOEPTYEK,ANTASIDA DOEN PT. YEKATRIA,Slow-Moving,MA-4,1.0,0.82,1.82,16.0,100.0,0.0,🟢 AMAN
OB-ATOCAL,ATORVASTATIN CALCIUM HEXPHARM JAYA,Slow-Moving,MA-4,10.0,8.25,18.25,20.0,100.0,0.0,🟢 AMAN
OB-BAT1,BATUGIN,Slow-Moving,MA-4,1.0,0.82,1.82,0.0,0.0,1.82,🔴 PERLU ORDER
OB-BCOMTABPTN,B COMPLEX TAB PT.NOVA,Slow-Moving,MA-4,2.0,1.65,3.65,21.0,100.0,0.0,🟢 AMAN
OB-BETTAB,BETAMOL TAB,Slow-Moving,MA-4,1.0,0.82,1.82,3.0,100.0,0.0,🟢 AMAN
OB-BODFLUPESYR56MRASJER1,BODREXIN FLU&BATUK PE JERUK,Slow-Moving,MA-4,1.0,0.82,1.82,0.0,0.0,1.82,🔴 PERLU ORDER
OB-BUFNCRE,BUFACORT N CREAM,Slow-Moving,MA-4,1.0,0.82,1.82,3.0,100.0,0.0,🟢 AMAN
OB-CAP,CAPTROPILL,Slow-Moving,MA-4,20.0,16.5,36.5,235.0,100.0,0.0,🟢 AMAN
OB-CETHCITRI,CETIRIZINE HCI TRIFA/LEMPENG,Slow-Moving,MA-4,1.75,1.37,3.12,0.0,0.0,3.12,🔴 PERLU ORDER
OB-CIPPTN,CIPROFLOXACIN HCL NOVAPHARIN,Slow-Moving,MA-4,2.0,0.0,2.0,0.0,0.0,2.0,🔴 PERLU ORDER
OB-CITBER,CITICOLINE BERNOFARM,Slow-Moving,MA-4,1.0,0.82,1.82,0.0,0.0,1.82,🔴 PERLU ORDER
OB-CYCSUNKB1BUL,CYCLOFEM INJEKSI 1 BULAN,Slow-Moving,MA-4,1.0,0.0,1.0,2.0,100.0,0.0,🟢 AMAN
OB-DECOUORAFORCHI,DE COUGH ORANGE FOR CHILDREN,Slow-Moving,MA-4,1.0,0.82,1.82,0.0,0.0,1.82,🔴 PERLU ORDER
OB-DERTONEMED,DERMAFIX T ONE MED,Slow-Moving,MA-4,1.0,0.82,1.82,2.0,100.0,0.0,🟢 AMAN
OB-DULSYR,DULCOLACTOL SYR,Slow-Moving,MA-4,1.0,0.82,1.82,2.0,100.0,0.0,🟢 AMAN
OB-EMTSYR60M,EMTURNAS SYR 60ML,Slow-Moving,MA-4,1.0,0.82,1.82,0.0,0.0,1.82,🔴 PERLU ORDER
OB-EMTTAB,EMTURNAS TAB,Slow-Moving,MA-4,1.5,0.82,2.32,2.0,86.20689655172414,0.32,🔴 PERLU ORDER
OB-ERLNEOSAL,ERLA NEOHYDROCORT SALEP,Slow-Moving,MA-4,1.0,0.82,1.82,4.0,100.0,0.0,🟢 AMAN
OB-ERLSYR60M,ERLAMOL SYR 60ML,Slow-Moving,MA-4,1.0,0.82,1.82,0.0,0.0,1.82,🔴 PERLU ORDER
OB-ERLTAB,ERLAGIN TABLET,Slow-Moving,MA-4,1.0,0.82,1.82,4.0,100.0,0.0,🟢 AMAN
OB-ERM05MTAB,"ERMETHASONE 0,5MG TABLET",Slow-Moving,MA-4,1.0,0.0,1.0,10.0,100.0,0.0,🟢 AMAN
OB-ESE,ESEMAG/BOX,Slow-Moving,MA-4,1.0,0.82,1.82,0.0,0.0,1.82,🔴 PERLU ORDER
OB-FAR,FARSORBID,Slow-Moving,MA-4,10.0,8.25,18.25,138.0,100.0,0.0,🟢 AMAN
OB-FASTAB1,FASGO TABLET,Slow-Moving,MA-4,1.0,0.0,1.0,40.0,100.0,0.0,🟢 AMAN
OB-FLUSYR,FLUTAMOL SYR,Slow-Moving,MA-4,1.0,0.82,1.82,1.0,54.94505494505494,0.82,🔴 PERLU ORDER
OB-GENSULSAL0BER,"GENTAMICIN SULFATE SALEP 0,% (BERNOFARM)",Slow-Moving,MA-4,1.0,0.82,1.82,13.0,100.0,0.0,🟢 AMAN
OB-GLI3MGPTH,GLIMEPIRIDE 3MG HJ,Slow-Moving,MA-4,1.0,0.82,1.82,23.0,100.0,0.0,🟢 AMAN
OB-HUFSYR2,HUFADON SYR,Slow-Moving,MA-4,1.0,0.82,1.82,4.0,100.0,0.0,🟢 AMAN
OB-IBU400BAL,IBU PROFEN 400MG BALATIF,Slow-Moving,MA-4,1.0,0.0,1.0,14.0,100.0,0.0,🟢 AMAN
OB-IFATAB,IFARSYL TAB,Slow-Moving,MA-4,2.0,1.65,3.65,7.0,100.0,0.0,🟢 AMAN
OB-INTSYR60M,INTUNAL SYR 60ML,Slow-Moving,MA-4,1.0,0.82,1.82,0.0,0.0,1.82,🔴 PERLU ORDER
OB-KALKRI1,KALPANAK KRIM,Slow-Moving,MA-4,1.0,0.0,1.0,4.0,100.0,0.0,🟢 AMAN
OB-LAN,LANSOPRAZOLE HJ,Slow-Moving,MA-4,1.0,0.82,1.82,6.0,100.0,0.0,🟢 AMAN
OB-LOSSYR,LOSTACEF SYR,Slow-Moving,MA-4,2.0,1.65,3.65,2.0,54.794520547945204,1.65,🔴 PERLU ORDER
OB-MECMUL,MECOBALAMIN MULIA,Slow-Moving,MA-4,1.0,0.82,1.82,0.0,0.0,1.82,🔴 PERLU ORDER
OB-MEDKLI,MEDI-KLIN KUNING,Slow-Moving,MA-4,1.0,0.82,1.82,0.0,0.0,1.82,🔴 PERLU ORDER
OB-MEFTAB500,MEFINAL TAB 500MG,Slow-Moving,MA-4,10.0,8.25,18.25,0.0,0.0,18.25,🔴 PERLU ORDER
OB-MEL15MTRO,MELOXICAM 15MG TROPICA,Slow-Moving,MA-4,1.0,0.82,1.82,11.0,100.0,0.0,🟢 AMAN
OB-MIC,MICROGYNON,Slow-Moving,MA-4,1.0,0.82,1.82,1.0,54.94505494505494,0.82,🔴 PERLU ORDER
OB-MIRSYR,MIRASIC SYR,Slow-Moving,MA-4,2.0,1.65,3.65,0.0,0.0,3.65,🔴 PERLU ORDER
OB-MUCSYR,MUCOS SYR,Slow-Moving,MA-4,1.0,0.82,1.82,6.0,100.0,0.0,🟢 AMAN
OB-MYCLEM,MYCORAL/LEMPENG,Slow-Moving,MA-4,1.0,0.82,1.82,0.0,0.0,1.82,🔴 PERLU ORDER
OB-NEOSAL,NEOCENTA SALEP,Slow-Moving,MA-4,1.0,0.82,1.82,4.0,100.0,0.0,🟢 AMAN
OB-NEOUNICOUSYR60MKUN,NEO UNIBEBI COUGHT SYR 60ML (KUNING),Slow-Moving,MA-4,1.0,0.82,1.82,3.0,100.0,0.0,🟢 AMAN
OB-NESSAL,NESTACORT SALEP,Slow-Moving,MA-4,1.0,0.82,1.82,0.0,0.0,1.82,🔴 PERLU ORDER
OB-NEUTAB,NEURODEX TABLET,Slow-Moving,MA-4,1.5,0.82,2.32,9.0,100.0,0.0,🟢 AMAN
OB-NYSDRO12M,NYSTATIN DROPS 12ML,Slow-Moving,MA-4,1.0,0.82,1.82,8.0,100.0,0.0,🟢 AMAN
OB-OBHCOMANARASAPESYR60M,OBH COMBI ANAK RASA APEL 60ML,Slow-Moving,MA-4,1.0,0.82,1.82,4.0,100.0,0.0,🟢 AMAN
OB-OBHCOMBATFLURASJAH60M,OBH COMBI BATUK+FLU JAHE 60ML,Slow-Moving,MA-4,1.0,0.82,1.82,0.0,0.0,1.82,🔴 PERLU ORDER
OB-OBHER60M,OB HERBAL 60ML,Slow-Moving,MA-4,1.0,0.82,1.82,2.0,100.0,0.0,🟢 AMAN
OB-PARERRTAB,PARACETAMOL ERRITA TABLET,Slow-Moving,MA-4,1.0,0.82,1.82,3.0,100.0,0.0,🟢 AMAN
OB-PARTAB1,PARAFLU TABLET,Slow-Moving,MA-4,1.0,0.0,1.0,18.0,100.0,0.0,🟢 AMAN
OB-PIMTRAKOLKID,PIM TRA KOL KIDS,Slow-Moving,MA-4,1.0,0.82,1.82,1.0,54.94505494505494,0.82,🔴 PERLU ORDER
OB-PIR20MNOV,PIROXICAM 20MG (NOVAPHARIN),Slow-Moving,MA-4,10.0,8.25,18.25,25.0,100.0,0.0,🟢 AMAN
OB-PKASI,PK ASIA,Slow-Moving,MA-4,1.0,0.82,1.82,0.0,0.0,1.82,🔴 PERLU ORDER
OB-RANINJKOT,RANITIDINE INJEKSI MEPRO/KOTAK,Slow-Moving,MA-4,1.0,0.82,1.82,0.0,0.0,1.82,🔴 PERLU ORDER
OB-SALPAG,SALEP PAGODA,Slow-Moving,MA-4,1.0,0.82,1.82,10.0,100.0,0.0,🟢 AMAN
OB-SILCOUFLU60M,SILADEX COUGH & FLU UNGU 60ML,Slow-Moving,MA-4,1.0,0.82,1.82,2.0,100.0,0.0,🟢 AMAN
OB-SILDMPKUN60M,SILADEX DMP KUNING 60ML,Slow-Moving,MA-4,1.0,0.82,1.82,0.0,0.0,1.82,🔴 PERLU ORDER
OB-SILME60MHIJ,SILADEX MUCOLYTIC & EXPECTORANT HIJAU 60ML,Slow-Moving,MA-4,1.0,0.82,1.82,0.0,0.0,1.82,🔴 PERLU ORDER
OB-SPI25MOGB,SPIRONOLACTONE 25MG OGB,Slow-Moving,MA-4,1.0,0.82,1.82,20.0,100.0,0.0,🟢 AMAN
OB-TEMSYR60M,TEMPRA SYR 60ML,Slow-Moving,MA-4,1.0,0.82,1.82,2.0,100.0,0.0,🟢 AMAN
OB-TERDRO02TSTR,TEMPRA DROP 0-2THN STRAWBERRY,Slow-Moving,MA-4,1.0,0.82,1.82,1.0,54.94505494505494,0.82,🔴 PERLU ORDER
OB-TERSYRRASJER30M,TERMOREX SYR (RASA JERUK) 30ML,Slow-Moving,MA-4,1.0,0.82,1.82,0.0,0.0,1.82,🔴 PERLU ORDER
OB-TRETAB,TREMENZA TAB,Slow-Moving,MA-4,1.0,0.0,1.0,0.0,0.0,1.0,🔴 PERLU ORDER
OB-TRISUNKB3BUL,TRICLOFEM INJEKSI 3 BULAN,Slow-Moving,MA-4,2.0,1.65,3.65,2.0,54.794520547945204,1.65,🔴 PERLU ORDER
OB-VITEAROIL,VITAL EAR OIL,Slow-Moving,MA-4,1.0,0.82,1.82,19.0,100.0,0.0,🟢 AMAN
UM-HELSYR,HELIXIM SYRUP,Slow-Moving,MA-4,1.0,0.82,1.82,0.0,0.0,1.82,🔴 PERLU ORDER
UM-HERAGADRO,HERBAL AGARILLUS DROP,Slow-Moving,MA-4,1.0,0.82,1.82,0.0,0.0,1.82,🔴 PERLU ORDER
