Kode Produk,Minggu_Aktif,Total_Minggu,Threshold,Kategori,Nama Produk
OB-DEX,44,57,17,Fast-Moving,DEXTAF
ASF-0115,25,57,17,Fast-Moving,KONIDIN TABLET
OB-SALSULINJ,1,57,17,Slow-Moving,SALBUTAMOL SULFATE INJEKSI
OB-DEXPLU,52,57,17,Fast-Moving,DEXTEEM PLUS
ASF-0113,28,57,17,Fast-Moving,BODREX EXTRA
ASF-0434,29,57,17,Fast-Moving,CETRIZINE HCI HOLI
OB-ANDPILKB,46,57,17,Fast-Moving,ANDALAN PIL KB BIRU/LEMPENG
ASF-0108,22,57,17,Fast-Moving,BODREX FLU & BATUK TIDAK BERDAHAK PE TAB
OB-AMOTRITAB500,40,57,17,Fast-Moving,AMOXICILLIN TRIHYDRATE OGB DEXA
OB-MIX,49,57,17,Fast-Moving,MIXALGIN
OB-MEX,50,57,17,Fast-Moving,MEXON
ASF-0450,19,57,17,Fast-Moving,PRORIS IBU PROFEN SYR
ASF-0377,15,57,17,Slow-Moving,OBH COMBI BATUK BERDAHAK MENTHOL 100ML
OB-NOVTAB1,28,57,17,Fast-Moving,NOVASTAN TAB
OB-ERP1,43,57,17,Fast-Moving,ERPHAFLAM
OB-RHE,36,57,17,Fast-Moving,RHEMAFAR 4MG
OB-METPRE4MGOGB,2,57,17,Slow-Moving,METHYL PREDNISOLONE 4MG (OGBDEXA)
ASF-0456,20,57,17,Fast-Moving,GRANTUSIF
OB-SANTAB,27,57,17,Fast-Moving,SANMOL TABLET
OB-HUFBATSYR60MHIJ,19,57,17,Fast-Moving,HUFAGRIPP BP KERING ANAK
OB-ANASYR,14,57,17,Slow-Moving,ANATON SYR
OB-LOX15X,3,57,17,Slow-Moving,LOXICOX 15MG
OB-COLSYR,6,57,17,Slow-Moving,COLFIN SYR
ASF-0433,43,57,17,Fast-Moving,LERZIN TABLET
OB-WIR20,48,57,17,Fast-Moving,WIROS 20
ASF-0435,42,57,17,Fast-Moving,MANTINO TABLET
OB-PARTABERI,12,57,17,Slow-Moving,PARACETAMOL TAB ERRITA
ASF-0230,29,57,17,Fast-Moving,PROMAG TABLET
ASF-0430,48,57,17,Fast-Moving,ALLERON TABLET
OB-ZORTAB,51,57,17,Fast-Moving,ZORALIN TAB
OB-POLPLU,23,57,17,Fast-Moving,POLOFAR PLUS
OB-DEX075,41,57,17,Fast-Moving,"DEXAHARSEN 0,75MG"
OB-RANHCL150GENHJ,24,57,17,Fast-Moving,RANITIDINE 150MG HJ
OB-ALL100FAR,7,57,17,Slow-Moving,ALLOPURINOL 100MG IMFARMIND
OB-YUSTAB500,41,57,17,Fast-Moving,YUSIMOX TAB 500MG
OB-ELT,24,57,17,Fast-Moving,ELTAZON
OB-COSTAB,46,57,17,Fast-Moving,COSTAN TAB
ASF-0199,38,57,17,Fast-Moving,COMBANTRIN TABLET
OB-FASTAB,36,57,17,Fast-Moving,FASIDOL TABLET
ASF-0157,19,57,17,Fast-Moving,COMBANTRIN SYR
OB-SIM10MHEXJAY,7,57,17,Slow-Moving,SIMVASTATIN 10MG (HEXPHRM JAYA)
OB-KAL,3,57,17,Slow-Moving,KALDIFEN
ASF-0417,24,57,17,Fast-Moving,ANFLAT TABLET
ASF-065,26,57,17,Fast-Moving,DIAPET NR
OB-ALL100BERFAR,3,57,17,Slow-Moving,ALLOPURINOL 100MG BERNO FARM
OB-CAR05,55,57,17,Fast-Moving,"CARBIDU 0,5"
OB-PIR20MNOV,3,57,17,Slow-Moving,PIROXICAM 20MG (NOVAPHARIN)
OB-MOL05,48,57,17,Fast-Moving,"MOLACORT 0,5"
ASF-0198,46,57,17,Fast-Moving,BODREX BESAR
OB-PRO4MG,28,57,17,Fast-Moving,PRONICY 4MG
OB-ANFSYR100,16,57,17,Slow-Moving,ANFLAT SYR
OB-FASSYR60M,9,57,17,Slow-Moving,FASGO SYR 60ML
ASF-0118,38,57,17,Fast-Moving,ANTIMO
OB-FAR400,35,57,17,Fast-Moving,FARSIFEN 400MG TAB
OB-LOKTAB,34,57,17,Fast-Moving,LOKEV TAB
ASF-027,5,57,17,Slow-Moving,ANTIMO ANAK RASA STRAWBERRY
OB-SIM10M,49,57,17,Fast-Moving,SIMVASTATIN 10MG TAB
ASF-0437,36,57,17,Fast-Moving,DEGIROL
ASF-0312,1,57,17,Slow-Moving,FIESTA (STRAWBERRY)
ASF-0109,35,57,17,Fast-Moving,BODREX MIGRA
OB-CANALE8MG,11,57,17,Slow-Moving,CANDESARTAN ALEXETIL 8MG
OB-AMP10M,4,57,17,Slow-Moving,AMLODIPINE 10MG NOVEL
OB-CAR075,34,57,17,Fast-Moving,"CARBIDU 0,75"
OB-NAC,29,57,17,Fast-Moving,NACL
ASF-0158,16,57,17,Slow-Moving,KAPSIDA [KEMBANG BULAN]
OB-BUF,48,57,17,Fast-Moving,BUFACARYL
OB-METHCL500,50,57,17,Fast-Moving,METFORMIN HCL 500MG HJ
OB-HUFSYR1,6,57,17,Slow-Moving,HUFARIZINE SYR
OB-ONDHCLDIH,6,57,17,Slow-Moving,ONDANSETRON 4MG INJEKSI BERNOFARM/AMPUL
OB-KETTROINJ,9,57,17,Slow-Moving,KETOROLAC TROMETAMOL INJEKSI
ASF-020,5,57,17,Slow-Moving,KOMIX KIDS OBH
ASF-0197,35,57,17,Fast-Moving,BODREXIN TABLET
ASF-092,45,57,17,Fast-Moving,PARAMEX SAKIT KEPALA
ASF-0107,34,57,17,Fast-Moving,BODREX FLU & BATUK BERDAHAK PE TAB
OB-TEO,48,57,17,Fast-Moving,TEOSAL
ASF-0370,5,57,17,Slow-Moving,WOODS PEPPERMINT EXPECTORANT 60ML
OB-AMBHYDTAB30M,37,57,17,Fast-Moving,AMBROXOL TRIFA
ASF-01,26,57,17,Fast-Moving,AFOLAT
OB-ALL300IMF,11,57,17,Slow-Moving,ALLOPURINOL 300MG IMFARMIND
OB-SUP,53,57,17,Fast-Moving,SUPERTETRA
ASF-0116,31,57,17,Fast-Moving,CONTREXYN TABLET
ASF-0414,31,57,17,Fast-Moving,POLYSILANE TABLET
ASF-095,31,57,17,Fast-Moving,MIXAGRIP FLU&BATUK
OB-KETTABGEN,10,57,17,Slow-Moving,KETOCONAZOLE TAB OGB DEXA
OB-NEOFOR,13,57,17,Slow-Moving,NEOZEP FORTE
OB-FAR200TAB,16,57,17,Slow-Moving,FARSIFEN 200 TAB
ASF-0420,22,57,17,Fast-Moving,ANTASIDA DOEN TABLET ERRITA
ASF-0110,36,57,17,Fast-Moving,OSKADON SAKIT KEPALA
OB-HUFFORTAB,39,57,17,Fast-Moving,HUFAGRIPP FORTE TABLET
ASF-0206,22,57,17,Fast-Moving,KEJIBELING KAPSUL
ASF-0174,7,57,17,Slow-Moving,ASEPSO+
ASF-0201,8,57,17,Slow-Moving,BINTANG TOEDJOE (SAKIT KEPALA) NO.16
OB-PIR20M,18,57,17,Fast-Moving,PIROXICAM 20MG (FIRS MEDIPHARMA)
OB-NEURX,32,57,17,Fast-Moving,NEURALGIN RX
OB-ERLTETTEL,16,57,17,Slow-Moving,ERLAMYCETIN TETES TELINGA
OB-LAC,39,57,17,Fast-Moving,LACTO-B
ASF-0446,10,57,17,Slow-Moving,LECOZINC SIRUP
ASF-036,13,57,17,Slow-Moving,HEROCYN 150 g
OB-PARSYR,13,57,17,Slow-Moving,PARAFLU SYR
OB-NEOVED,1,57,17,Slow-Moving,NEO VEDRIN
OB-CIPHCIMON,18,57,17,Fast-Moving,CIPROFLOXACIN HCI BERNOFARM
OB-ANAFORTAB,49,57,17,Fast-Moving,ANASTAN FORTE TABLET
OB-ALPTAB,49,57,17,Fast-Moving,ALPARA TABLET
OB-MUCDROSYR,17,57,17,Fast-Moving,MUCOS DROP
OB-PARTAB,34,57,17,Fast-Moving,PARATUSIN TAB
OB-MIRFOR,34,57,17,Fast-Moving,MIRASIC FORTE
OB-LERDROSYR,4,57,17,Slow-Moving,LERZIN DROP SYR
ASF-0416,15,57,17,Slow-Moving,LAMBUCID TABLET
OB-ERLTAB,15,57,17,Slow-Moving,ERLAGIN TABLET
OB-METPRE4MGQUALAB,7,57,17,Slow-Moving,METHYL PREDNISOLONE 4MG (QUANTUM LABORATORIS)
OB-ONDTAB4MGINT,7,57,17,Slow-Moving,ONDANSETRON 4MG TAB INTERBAT
ASF-0449,11,57,17,Slow-Moving,PASABA COUGH AND FLU
OB-REN,45,57,17,Fast-Moving,RENADINAC
ASF-0203,35,57,17,Fast-Moving,AMBEVEN
ASF-094,36,57,17,Fast-Moving,ENERVON-C
OB-FLUSYR,10,57,17,Slow-Moving,FLUTAMOL SYR
OB-TABTAMDAR,26,57,17,Fast-Moving,TABLET TAMBAH DARAH
OB-NEUTAB,16,57,17,Slow-Moving,NEURODEX TABLET
OB-RHISR,18,57,17,Fast-Moving,RHINOS SR
OB-SANDRO,29,57,17,Fast-Moving,SANMOL DROPS
OB-HUFSYR,9,57,17,Slow-Moving,HUFABETAMIN SYR
OB-DEMTAB,30,57,17,Fast-Moving,DEMACOLIN TAB
OB-FLUTAB1,21,57,17,Fast-Moving,FLUTAMOL TABLET
ASF-0375,4,57,17,Slow-Moving,OBH COMBI BATUK BERDAHAK JAHE 100ML
OB-VOL,43,57,17,Fast-Moving,VOLTADEX
ASF-0455,42,57,17,Fast-Moving,ACETYLCYSTEINE
OB-TEMDRO,12,57,17,Slow-Moving,TEMPRA DROPS 0-2 TAHUN ANGGUR
ASF-0422,1,57,17,Slow-Moving,MAGTERAL TABLET
OB-RENTAB,43,57,17,Fast-Moving,RENABETIK TAB
OB-PARSYR1,8,57,17,Slow-Moving,PARATUSIN SYR
ASF-0419,45,57,17,Fast-Moving,HUFAMAG PLUS TABLET
ASF-0432,39,57,17,Fast-Moving,HUFARIZINE TAB
ASF-0164,11,57,17,Slow-Moving,ETAWALIN
OB-AMLBES300,41,57,17,Fast-Moving,AMLODHIPIN 5MG SAMPHARINDO
ASF-0373,7,57,17,Slow-Moving,COREDRYL EKSPEKTORAN SYR
ASF-028,8,57,17,Slow-Moving,CALCIUM LACTATE PIM PHARMA
OB-GRA2MG,31,57,17,Fast-Moving,GRAFALIN 2MG
ASF-060,4,57,17,Slow-Moving,VEGETA HERBAL [anggur merah]
OB-PIZSAL,8,57,17,Slow-Moving,PIZOLON SALEP
OB-FLU,36,57,17,Fast-Moving,FLUCADEX TABLET
OB-OMETABETA,3,57,17,Slow-Moving,OMEPRAZOLE TAB (ETA)
ASF-0444,14,57,17,Slow-Moving,VICKS VAPORUP 25GR
OB-MUCSYR,15,57,17,Slow-Moving,MUCOS SYR
OB-AXATAB,26,57,17,Fast-Moving,AXAPROFEN
OB-FASPLUTAB,25,57,17,Fast-Moving,FASIDOL PLUS TABLET
OB-DEC,14,57,17,Slow-Moving,DECOLGEN
OB-TRISUNKB3BUL,7,57,17,Slow-Moving,TRICLOFEM INJEKSI 3 BULAN
OB-ERLSYR1,10,57,17,Slow-Moving,ERLAPECT SYR
OB-SYNSAL1,20,57,17,Fast-Moving,SYNALTEN SALEP
ASF-0431,18,57,17,Fast-Moving,ORPHEN TABLET
OB-DOMGENERR,7,57,17,Slow-Moving,DOMPERIDONE TAB ERRITA
OB-COLTAB,12,57,17,Slow-Moving,COLFIN TAB
ASF-0367,8,57,17,Slow-Moving,SILADEX COUGH & COLD BIRU 60ML
OB-KETTRO,1,57,17,Slow-Moving,KETOROLAC TROMETAMOL TABLET
ASF019,1,57,17,Slow-Moving,TOLAK LINU/SACHET
ASF-0413,41,57,17,Fast-Moving,WINATIN TABLET
ASF-0459,17,57,17,Fast-Moving,INTUNAL-F TABLET
OB-TERF,50,57,17,Fast-Moving,TERA-F TABLET
ASF-0170,3,57,17,Slow-Moving,PEDITOX
OB-GLI1MG,15,57,17,Slow-Moving,GLIMEPIRIDE 1MG OGB DEXA
OB-MYLSYR50M,24,57,17,Fast-Moving,MYLANTA SYR 50ML
ASF-066,5,57,17,Slow-Moving,DIAPET ANAK
OB-HUFPLUSYR60M,15,57,17,Slow-Moving,HUFAMAG PLUS SYR 60ML
OB-TRAACI,10,57,17,Slow-Moving,TRANEXAMIC ACID
ASF-064,3,57,17,Slow-Moving,WAISAN
ASF-0105,8,57,17,Slow-Moving,ULTRAFLU PE
OB-NEUFOR,22,57,17,Fast-Moving,NEUROBION FORTE TAB MERAH
OB-COPTAB,21,57,17,Fast-Moving,COPARCETIN TABLET
OB-POS,16,57,17,Slow-Moving,POSTINOR
OB-RANINJ,8,57,17,Slow-Moving,RANITIDINE INJEKSI MEPRO/AMPUL
OB-ONDHYDDIH,2,57,17,Slow-Moving,ONDANSETRON 4MG INJEKSI INTERBAT/AMPUL
OB-SCOPLU,16,57,17,Slow-Moving,SCOPMA PLUS
OB-NEUINJ,21,57,17,Fast-Moving,NEUROBION INJEKSI
OB-OMESERINJ40M,5,57,17,Slow-Moving,OMEPRAZOLE SERBUK INJEKSI 40MG
OB-SUCHOL,12,57,17,Slow-Moving,SUCRALFATE HOLI
OB-LAN,9,57,17,Slow-Moving,LANSOPRAZOLE HJ
ASF-0122,2,57,17,Slow-Moving,DRAGON BEDAK SALICYL MENTHOL
OB-BUFSAL,6,57,17,Slow-Moving,BUFATETRA SALEP
OB-ANDKBINJ3BUL3ML,5,57,17,Slow-Moving,ANDALAN KB INJEKSI 3 BULAN 3ML
OB-DIATAB,20,57,17,Fast-Moving,DIASTRIK TAB
OB-PKASI,2,57,17,Slow-Moving,PK ASIA
ASF-0114,47,57,17,Fast-Moving,OSKADON SP
OB-BETSAL,26,57,17,Fast-Moving,BETAMETHASHON SALEP BERNOFARM
OB-CAR,32,57,17,Fast-Moving,CARGESIC
OB-MYLSYR150,5,57,17,Slow-Moving,MYLANTA SYR 150ML
ASF-0453,8,57,17,Slow-Moving,BROMIFAR
OB-FASFORSYR60M,6,57,17,Slow-Moving,FASGO FORTE SYR 60ML
ASF-0156,10,57,17,Slow-Moving,VERMINT
OB-FAX20,42,57,17,Fast-Moving,FAXIDEN 20MG TAB
OB-TEO1,13,57,17,Slow-Moving,TEOSAL/BOX
OB-KOMOBH,14,57,17,Slow-Moving,KOMIX OBH/SACHET
OB-HISTAB,39,57,17,Fast-Moving,HISTIGO TAB
OB-PASSYR,16,57,17,Slow-Moving,PASABA SYR
OB-SANSYR60M,29,57,17,Fast-Moving,SANMOL SYR 60ML
OB-CAT,36,57,17,Fast-Moving,CATAFLAM
OB-ZENSAL,18,57,17,Fast-Moving,ZENSODERM SALEP
OB-ICHZAL,23,57,17,Fast-Moving,ICHTIYOL ZALF
OB-NOV500,22,57,17,Fast-Moving,NOVAMOX 500MG
OB-DRA,28,57,17,Fast-Moving,DRAMAMINE
OB-HUF,21,57,17,Fast-Moving,HUFRALGIN
OB-ZORKRI,25,57,17,Fast-Moving,ZORALIN KRIM
ASF-0279,12,57,17,Slow-Moving,DIE DAYAO JING BETADINE CINA
OB-CENLYT15M,5,57,17,Slow-Moving,CENDO LYTEERSS 15ML
OB-GRA4MG,45,57,17,Fast-Moving,GRAFALIN 4MG
OB-CLIHCI150GENNOV,1,57,17,Slow-Moving,CLINDAMYCIN 150MG TAB NOVEL
OB-KAD,37,57,17,Fast-Moving,KADITIC
OB-ESE,11,57,17,Slow-Moving,ESEMAG/BOX
OB-DOB,36,57,17,Fast-Moving,DOBRIZOLE
OB-LERSYR,19,57,17,Fast-Moving,LERZIN SYR
OB-DULTAB,27,57,17,Fast-Moving,DULCOLAX TAB
OB-CAP,8,57,17,Slow-Moving,CAPTROPILL
OB-HUFTAB250,7,57,17,Slow-Moving,HUFAMYCETIN TAB 250MG
OB-SAR,5,57,17,Slow-Moving,SARIAMAN
OB-NOSSAL,11,57,17,Slow-Moving,NOSIP SALEP
OB-COPSYRRASJER,5,57,17,Slow-Moving,COPARCETIN SYR RASA JERUK
ASF-068,3,57,17,Slow-Moving,ATTAPULGITE
OB-ERP2,5,57,17,Slow-Moving,ERPEPSA
OB-CEFTRI100ODGPHALAB,16,57,17,Slow-Moving,CEFIXIME TRIHYDRATE 100MG OGB PHARMA
OB-HUF500,44,57,17,Fast-Moving,HUFANOXIL TAB/LEMPENG
ASF-0429,10,57,17,Slow-Moving,ALLERGEN TABLET
ASF-0111,5,57,17,Slow-Moving,OSKADON EXTRA
OB-ERLNEOSAL,10,57,17,Slow-Moving,ERLA NEOHYDROCORT SALEP
OB-TEMFORSYR30M,2,57,17,Slow-Moving,TEMPRA FORTE SYR 30ML
OB-IBUPRO400,6,57,17,Slow-Moving,IBU PROFEN 400MG
OB-ALLEXPSYR,1,57,17,Slow-Moving,ALLERIN EXPECTORAN SYR
ASF-0371,3,57,17,Slow-Moving,OBH BERLICO JERUK NIPIS
ASF-0369,1,57,17,Slow-Moving,WOODS PEPPERMINT ANTITUSSIVE 100ML
OB-OBHCOMANASTR,19,57,17,Fast-Moving,OBH COMBI ANAK STRAWBERRY 60ML
OB-KETSAL20M,9,57,17,Slow-Moving,KETOKENAZOLE SALEP 20MG
OB-COLPLUSYR,5,57,17,Slow-Moving,COLFIN PLUS SYR
OB-FUR,30,57,17,Fast-Moving,FUROSEMIDE
ASF-014,13,57,17,Slow-Moving,KOMIX SACHET RASA PEPPERMINT/SACHET
OB-SANEXPSYR60M,4,57,17,Slow-Moving,SANADRYL EXPECTORANT SYR 60ML
OB-GASSYR60M,4,57,17,Slow-Moving,GASTRUCID SUSPENSI SYR 60ML
OB-INESAL,10,57,17,Slow-Moving,INERSON SALEP
OB-ERLSALMAT,22,57,17,Fast-Moving,ERLAMYCETIN SALEP MATA
OB-FLUCSYR60M,9,57,17,Slow-Moving,FLUTOP C SYR 60ML
OB-TERSYR60M,5,57,17,Slow-Moving,TERNIX SYR 60ML
OB-GENSAL,21,57,17,Fast-Moving,GENALTEN SALEP
ASF-0205,3,57,17,Slow-Moving,PILKITA (pegel linu)
OB-TONKANSUA,1,57,17,Slow-Moving,TONG KANG SUANG
ASF-0191,15,57,17,Slow-Moving,FEMINAX TABLET
ASF-0454,24,57,17,Fast-Moving,BROMIFAR PLUS
OB-CENXIT5ML,26,57,17,Fast-Moving,CENDO XITROL 5ML
OB-PINCOUSYR,2,57,17,Slow-Moving,PINKID'S COUGH SYR
OB-SIM20M,6,57,17,Slow-Moving,SIMVASTATIN 20MG
OB-LOSSYR,12,57,17,Slow-Moving,LOSTACEF SYR
OB-POLSYR50M,18,57,17,Fast-Moving,POLYSILANE SYR 100ML
ASF-0223,28,57,17,Fast-Moving,BYEBYE FIVER ANAK-ANAK
OB-MICNIT,28,57,17,Fast-Moving,MICONAZOLE NITRATE SALEP
OB-ANTSYRGENERE,3,57,17,Slow-Moving,ANTASIDA SYR ERELLA
OB-PANEXT,15,57,17,Slow-Moving,PANADOL EXTRA
ASF-0224,27,57,17,Fast-Moving,BYEBYE FIVER BAYI
OB-HICSAL,5,57,17,Slow-Moving,HICO SALEP
OB-BIOSAL,26,57,17,Fast-Moving,BIOPLACENTON SALEP
OB-BERNSAL,11,57,17,Slow-Moving,BERLOSON N SALEP
OB-PIR20MTRI,5,57,17,Slow-Moving,PIROXICAM 20MG (TRIFA)
OB-ONDTAB8MGGENINT,6,57,17,Slow-Moving,ONDANSETRON 8MG TAB INTERBAT
OB-OBHCOMANAJER60M,16,57,17,Slow-Moving,OBH COMBI ANAK RASA JERUK 60ML
OB-OBHTROEXTJER,11,57,17,Slow-Moving,OBH TROPICA EXTRA JERUK
OB-BUFFORSYR60M,1,57,17,Slow-Moving,BUFANTACID FORTE SYR 60ML
ASF-0403,1,57,17,Slow-Moving,WOOD'S NATURALS
ASF-062,11,57,17,Slow-Moving,KULDON
OB-HUFDRO,1,57,17,Slow-Moving,HUFAGESIC DROP
OB-MOL075MGTAB,47,57,17,Fast-Moving,"MOLACORT 0,75 MG TAB"
OB-REC,5,57,17,Slow-Moving,RECO SALEP MATA
OB-VENINJBOX,1,57,17,Slow-Moving,VENTASAL INJEKSI BOX
OB-ANABTKSYR,13,57,17,Slow-Moving,ANACETIN BTK&FLU SYR
OB-CEFTRI100OGB,28,57,17,Fast-Moving,CEFIXIME TRIHYDRATE 100MG OGB
UM-SARTAN,11,57,17,Slow-Moving,SARUNG TANGAN
ASF-0400,9,57,17,Slow-Moving,SILEX SYR
OB-NOVTAB,2,57,17,Slow-Moving,NOVARON TAB
OB-DEMSYR,7,57,17,Slow-Moving,DEMACOLIN SYR
OB-SANTAB1,30,57,17,Fast-Moving,SANGOBION TAB
OB-RAMFLUTAB,13,57,17,Slow-Moving,RAMA FLU TABLET
ASF-0280,2,57,17,Slow-Moving,POVIDONE IODINO 15ML
OB-CLIHCI300GENBER,1,57,17,Slow-Moving,CLINDAMYCIN 300MG TAB BERNO
OB-PIKANSHUCR,34,57,17,Fast-Moving,PI KANG SHUANG CR
OB-MIRTAB1,38,57,17,Fast-Moving,MIRASIC TAB
OB-TID200,2,57,17,Slow-Moving,TIDIFAR 200
OB-OMEERR,15,57,17,Slow-Moving,OMEPRAZOLE ERRITA
ASF-0448,29,57,17,Fast-Moving,HUFAGRIPP FLU BATUK ANAK
OB-PANTABFLUHIJ,9,57,17,Slow-Moving,PANADOL TAB FLU&BATUK (HIJJAU)
ASF-0458,12,57,17,Slow-Moving,AFLUCAPS PE
ASF-0160,7,57,17,Slow-Moving,DARSI
OB-NESSAL,16,57,17,Slow-Moving,NESTACORT SALEP
OB-COO5PLU,5,57,17,Slow-Moving,COOLING 5 PLUS
OB-PONTAB1,9,57,17,Slow-Moving,PONSTAN TAB/STRIP
OB-NATSKISTA,2,57,17,Slow-Moving,NATUR-E SKIN STAR/KOTAK
OB-SPATAB,14,57,17,Slow-Moving,SPASMINAL TABLET
OB-ANASYR60M,6,57,17,Slow-Moving,ANALPIM SYR
OB-MUCTAB,7,57,17,Slow-Moving,MUCOS TABLET
OB-GLI500,31,57,17,Fast-Moving,GLIKOS 500
ASF-0117,2,57,17,Slow-Moving,CONTREX FLU&PILEK
OB-GENSALMAT,10,57,17,Slow-Moving,GENOIT SALEP MATA
OB-ACY5MGSALGEN,21,57,17,Fast-Moving,ACYCLOVIR SALEP SAMPHARINDO
OB-SUCSUS,11,57,17,Slow-Moving,SUCRALFATE SUSPENSI
OB-NISSAL,26,57,17,Fast-Moving,NISAGON SALEP
OB-KAPIKAGAB99,1,57,17,Slow-Moving,KAPSUL IKAN GABUS 99
OB-COTGENBER,2,57,17,Slow-Moving,COTRIMOXAZOLE 480MG GENERIK (BERNO)
OB-SILDMPKUN60M,9,57,17,Slow-Moving,SILADEX DMP KUNING 60ML
OB-SAMTAB1,47,57,17,Fast-Moving,SAMCONAL TAB
OB-ALL300INT,9,57,17,Slow-Moving,ALLOPURINOL 300MG INTERBAT
OB-RAM,11,57,17,Slow-Moving,RAMOLIT
ASF-0404,10,57,17,Slow-Moving,OB HERBAL BESAR
OB-FARPLU,19,57,17,Fast-Moving,FARSIFEN PLUS
OB-TERSYR60M1,8,57,17,Slow-Moving,TERMOREX SYR 60ML
ASF-0192,17,57,17,Fast-Moving,NEO NAPACIN
OB-MEL15,12,57,17,Slow-Moving,MELOXICAM 15MG DEXA MEDICA
OB-SCASAL,9,57,17,Slow-Moving,SCABIMITE SALEP
OB-CITTAB,2,57,17,Slow-Moving,CITICOLINE MEDIKON
OB-DOMGENERL,12,57,17,Slow-Moving,DOMPERIDON TAB GENERIK (ERLIMPEX)
OB-ELSTAB,16,57,17,Slow-Moving,ELSIRON TABLET
ASF-0171,8,57,17,Slow-Moving,CALLUSOL
OB-NOR,1,57,17,Slow-Moving,NORVOM SYR
OB-KAN,11,57,17,Slow-Moving,KANDISTATIN
ASF-081,1,57,17,Slow-Moving,KAPSUL IKAN GABUS
OB-GLI2MGQUALAB,3,57,17,Slow-Moving,GLIMEPIRIDE 2MG QUANTUM
OB-KETSAL,24,57,17,Fast-Moving,KETOKENAZOOLE SALEP
OB-ANDKBINJ3BUL1ML,20,57,17,Fast-Moving,ANDALAN KB INJEKSI 3 BULAN 1 ML
OB-GOM,21,57,17,Fast-Moving,GOM
OB-CONDEM,2,57,17,Slow-Moving,CONTEXYN DEMAM
OB-MICGEL,21,57,17,Fast-Moving,MICROLAX GEL
ASF-0172,4,57,17,Slow-Moving,RESIDA
OB-FARFORSYR,6,57,17,Slow-Moving,FARSIFEN FORTE SYR
OB-PIMTRAKOLCHE,14,57,17,Slow-Moving,PIM TRA KOL CHERRY
OB-AML10NOV,1,57,17,Slow-Moving,AMLODIPINE 10 NOVELL
OB-GLI3MGBER,8,57,17,Slow-Moving,GLIMEPIRIDE 3MG BERNOFARM
OB-MYCTAB,15,57,17,Slow-Moving,MYCORAL/BUTIR
OB-DEX1,14,57,17,Slow-Moving,DEXKETOPROFEN
OB-BURSAL,5,57,17,Slow-Moving,BURNAZIN PLUS SALEP 25G DARYA VARIA
ASF-0225,27,57,17,Fast-Moving,BYEBYE FIVER DEWASA
ASF-0208,2,57,17,Slow-Moving,LAXING
OB-METPRE4MGPTMAYU,7,57,17,Slow-Moving,METHYL PREDNISSOLONE 4MG (PT.MOLEX AYUS)
OB-METPRE8MGINT,7,57,17,Slow-Moving,METHYL PREDNISOLONE 8MG (INTERBAT)
OB-ALLCOMTETMAT,20,57,17,Fast-Moving,ALLETROL COMPASITUM TETES MATA
OB-LASEKSSYR,2,57,17,Slow-Moving,LASAL EKSPEKTORAN SYR
ASF-0209,1,57,17,Slow-Moving,MUSTIKA AYU (JAMU)
OB-HUFPILSYR60MBIR,21,57,17,Fast-Moving,HUFAGRIPP PILEK ANAK
ASF-0179,4,57,17,Slow-Moving,NASA
OB-BETSALOIT5GR,3,57,17,Slow-Moving,BETADINE SALEP OITMENT 5GR
ASF-0365,9,57,17,Slow-Moving,BODREX FL & BATUK BERDAHAK PE SIRUP
OB-ANDKBINJ1BUL05M,16,57,17,Slow-Moving,"ANDALAN KB INJEKSI 1 BULAN 0,5ML"
ASF-0362,11,57,17,Slow-Moving,INSTO DRY EYES
ASF-077,12,57,17,Slow-Moving,COD LIVER OIL
OB-SRI,14,57,17,Slow-Moving,SRITI
OB-SYNSAL,12,57,17,Slow-Moving,SYNARCUS SALEP
OB-PONTAB,30,57,17,Fast-Moving,PONSTAN TAB
OB-LEVHEM,3,57,17,Slow-Moving,LEVOFLOXACIN HEMIHYDRATE
OB-YUSSYR,20,57,17,Fast-Moving,YUSIMOX SYR
OB-COPKIDCOUSYR,13,57,17,Slow-Moving,COPARCETIN KID COUGH SYR
OB-ENBSAL,8,57,17,Slow-Moving,ENBATIC SALEP
OB-ONDTABGENNUL,1,57,17,Slow-Moving,ONDANSETRON 8MG TAB NULEB
ASF-063,11,57,17,Slow-Moving,ENTROSTOP
OB-PHATAB,4,57,17,Slow-Moving,PHARMATON TABLET
OB-MYCCRE,22,57,17,Fast-Moving,MYCORAL CREAM
OB-SAL88,23,57,17,Fast-Moving,SALEP 88
OB-GUA,8,57,17,Slow-Moving,GUANISTREP
OB-AML10MSAM,29,57,17,Fast-Moving,AMLODIPINE 10MG SAMPHARINDO
OB-CEFMON500,5,57,17,Slow-Moving,CEFADROXIL MONOHYDRATE 500MG FARMA LABS
OB-HUFSYR2,10,57,17,Slow-Moving,HUFADON SYR
OB-HYDKRI,10,57,17,Slow-Moving,HYDROCORTISONE KRIM
OB-ACYTAB400,6,57,17,Slow-Moving,ACYCLOVIR 400MG TABLET
ASF-0364,20,57,17,Fast-Moving,ROHTO COOL
ASF-0207,13,57,17,Slow-Moving,NEPHROLIT
OB-BISEXTSYR60M,1,57,17,Slow-Moving,BISOLVON EXTRA SYR 60ML
OB-FGTROMEI,20,57,17,Fast-Moving,FG TROCHES MEIJI
ASF-093,33,57,17,Fast-Moving,MIXAGRIP FLU
ASF-0423,7,57,17,Slow-Moving,LECOZINC TABLET
OB-SILME60MHIJ,7,57,17,Slow-Moving,SILADEX MUCOLYTIC & EXPECTORANT HIJAU 60ML
ASF-069,16,57,17,Slow-Moving,AKITA
OB-FAR,8,57,17,Slow-Moving,FARSORBID
ASF-04,6,57,17,Slow-Moving,ZINC PLUS IPI
OB-BROTAB,21,57,17,Fast-Moving,BRONCHITIN TAB
OB-SAM,30,57,17,Fast-Moving,SAMTAFLAM
OB-PAMTAB,9,57,17,Slow-Moving,PAMOL TAB
OB-INFTAB,2,57,17,Slow-Moving,INFALGIN TAB
OB-SCO,7,57,17,Slow-Moving,SCOPMA
UM-INHLAN,5,57,17,Slow-Moving,INHALER LANG
OB-CENAUG,1,57,17,Slow-Moving,CENDO AUGENTONIC
OB-PIMSYSRASLEM,5,57,17,Slow-Moving,PIM-TRA-KOL SYR RASA LEMOM
OB-KALSAL,24,57,17,Fast-Moving,KALPANAK SALEP
ASF-0202,10,57,17,Slow-Moving,LELAP
OB-LANTABGENNUF,4,57,17,Slow-Moving,LANSOPRAZOLE TAB GENERIK (PT.EXELTIS)
OB-GLU,2,57,17,Slow-Moving,GLUCODEX
OB-HUFDEMSYR60M,16,57,17,Slow-Moving,HUFAGRIPP DEMAM ANAK
OB-ANAKAP,22,57,17,Fast-Moving,ANATON TABLET
OB-LAMSYR100,7,57,17,Slow-Moving,LAMBUCID SYR 100ML
ASF-0154,4,57,17,Slow-Moving,HERBALAX
ASF-0376,9,57,17,Slow-Moving,OBH COMBI BATUK+FLU MENTHOL 60ML
OB-CEFMON500MEP,23,57,17,Fast-Moving,CEFADROXIL MONOHYDRATE 500MG MEPRO
OB-MEZANTSYR60M,5,57,17,Slow-Moving,MEZINEX ANTITUSIF SYR 60ML
OB-BODBATDOUACT,7,57,17,Slow-Moving,BODREX BATUK DOUBLE ACTION SYR
OB-AZIDIH500,2,57,17,Slow-Moving,AZITHROMYCIN DIHYDRATE 500MG DEXA MEDICA
OB-VIC44ANASTR27M,12,57,17,Slow-Moving,VICKS FORMULA 44 ANAK STRAW 27ML
OB-GAS,35,57,17,Fast-Moving,GASELA
OB-KENSAL,3,57,17,Slow-Moving,KENALOG SALEP
OB-GAB100,4,57,17,Slow-Moving,GABAPETIN 100MG
ASF-0106,23,57,17,Fast-Moving,PARAMEX NYERI OTOT
OB-COLSUSSYR60M,21,57,17,Fast-Moving,COLDREXIN SUSPENSI SYR
OB-MEDTR,3,57,17,Slow-Moving,MEDI-KLIN TR
OB-KALKRI1,7,57,17,Slow-Moving,KALPANAK KRIM
OB-MIRTAB,20,57,17,Fast-Moving,MIRASIC-PLUS TAB
ASF-083,2,57,17,Slow-Moving,Hasana Elbumina EKSTRAK IKAN GABUS
OB-GLI2MG,36,57,17,Fast-Moving,GLIMEPIRIDE 2MG HJ
OB-ANTPIM,15,57,17,Slow-Moving,ANTALGIN PIM
ASF-0363,14,57,17,Slow-Moving,ROHTO
OB-SAMTAB,18,57,17,Fast-Moving,SAMCODIN TAB
OB-RANHYD,18,57,17,Fast-Moving,RANITIDINE 150MG HOLI
OB-MEL75,16,57,17,Slow-Moving,"MELOXICAM 7,5MG DEXA MEDICA"
OB-MET4MGERR,16,57,17,Slow-Moving,METHYL 4MG (ERRITA)
OB-SALPAG,4,57,17,Slow-Moving,SALEP PAGODA
OB-REF,16,57,17,Slow-Moving,REFAQUIN
OB-VICFOR44DEW100,1,57,17,Slow-Moving,VICKS FORMULA 44 DEWASA 100ML
OB-VIT15G,5,57,17,Slow-Moving,VITAQUIN 15G
OB-MYCLEM,8,57,17,Slow-Moving,MYCORAL/LEMPENG
OB-HER50G,6,57,17,Slow-Moving,HEROCYN 50G
OB-SALRAC,1,57,17,Slow-Moving,SALEP RACIK
OB-DEX05M,32,57,17,Fast-Moving,"DEXAHARSEN 0,5MG"
ASF-0415,17,57,17,Fast-Moving,MYLANTA TABLET
OB-IBUPRO400TRI,29,57,17,Fast-Moving,IBU PROFEN 400MG TRIFA
OB-PARSEJ,1,57,17,Slow-Moving,PARACETAMOL SEJAHTERA
ASF-0229,6,57,17,Slow-Moving,BETADINE KUMUR 100ML
OB-ONDHCLINJ,9,57,17,Slow-Moving,ONDANSETRON 4MG INJEKSI QUANTUM/AMPUL
OB-MIC,15,57,17,Slow-Moving,MICROGYNON
UM-NATEWHIBOX,4,57,17,Slow-Moving,NATUR E WHITE BOX
OB-RL1,22,57,17,Fast-Moving,RINGER LACTAT
OB-ERL,6,57,17,Slow-Moving,ERLAPECT
OB-ASP,9,57,17,Slow-Moving,ASPILETS
OB-SAL24,5,57,17,Slow-Moving,SALEP 2-4
ASF-0366,4,57,17,Slow-Moving,DECADRYL
ASF-0217,1,57,17,Slow-Moving,BREAST PUMP DODO (PUMPING)
OB-FLUSYR1,7,57,17,Slow-Moving,FLUCADEX SYR
OB-CEFTRI200,6,57,17,Slow-Moving,CEFIXIME TRIHYDRATE 200MG DANKOS
OB-MEC,10,57,17,Slow-Moving,MECOBALAMIN 500MG PT.NULAP
OB-BRO,13,57,17,Slow-Moving,BROADAPEN
OB-DER,9,57,17,Slow-Moving,DERMIFAR
OB-ROSTAB,15,57,17,Slow-Moving,ROSIDON TAB
ASF-048,1,57,17,Slow-Moving,MOLAKRIM 30GR
OB-ANAOBHSTRSYR,4,57,17,Slow-Moving,ANAKONIDIN OBH STRAWBERRY SYR
OB-TEMSYR100,7,57,17,Slow-Moving,TEMPRA SYR 100ML
OB-ROSSYR,3,57,17,Slow-Moving,ROSIDON SYR
OB-ANATAB,19,57,17,Fast-Moving,ANALPIM TABLET
ASF-310,7,57,17,Slow-Moving,SUTRA 003
OB-VICFOR44DEW27M,12,57,17,Slow-Moving,VICKS FORMULA 44 DEWASA 27ML
OB-FOLGEN,3,57,17,Slow-Moving,FOLAMIL GENIO
OB-CETTABERR,12,57,17,Slow-Moving,CETIRIZINE HCI TAB ERRITA
OB-OBHTROPLUSTR,9,57,17,Slow-Moving,OBH TROPICA PLUS STRAWBERRY
ASF-0252,1,57,17,Slow-Moving,MERRIES PANTS S:26
OB-SANDMPSYR60M,4,57,17,Slow-Moving,SANADRYL DMP MERAH 60ML
UM-KOO,8,57,17,Slow-Moving,KOOL FIVER ANAK
ASF-0112,22,57,17,Fast-Moving,BODREX FLU
OB-TAXSYR,2,57,17,Slow-Moving,TAXIME SYR
OB-BODFLUPESYR56MRASJER,3,57,17,Slow-Moving,BODREXIN FLU&PILEK PE SYR 56ML (RASA JERUK)
OB-ALL100PTPPHA,7,57,17,Slow-Moving,ALLOPURINOL 100MG PIM PHARMACEUTICALS
OB-FAR05M,14,57,17,Slow-Moving,"FARIDEXON 0,5MG"
OB-FLUTAB,17,57,17,Fast-Moving,FLUNADINE TABLET
ASF-082,1,57,17,Slow-Moving,HIU ASI
OB-ALBG,3,57,17,Slow-Moving,ALBU G
UM-COO5,3,57,17,Slow-Moving,COOLING 5 COOL MINT
OB-OBHTROPLUJER,11,57,17,Slow-Moving,OBH TROPICA PLUS JERUK
OB-BRO4MGTAB,21,57,17,Fast-Moving,BRONCHOSAL 4MG TAB
OB-ERLPLUTETMAT,6,57,17,Slow-Moving,ERLAMYCETIN PLUS TETES MATA
OB-BROEXPSYR60M,2,57,17,Slow-Moving,BRONCHITIN EXPECTORANT SYR 60ML
ASF-037,13,57,17,Slow-Moving,HEROCYN 85GR
OB-CENPOL,1,57,17,Slow-Moving,CENDO POLYNEL
OB-BUFNCRE,3,57,17,Slow-Moving,BUFACORT N CREAM
OB-FOLTAB400,5,57,17,Slow-Moving,FOLAVIT TAB 400MG
UM-TESKEHINS,32,57,17,Fast-Moving,TES KEHAMILAN INSTAN
OB-METNOV,6,57,17,Slow-Moving,METRONIDAZOLE (NOVAPHARIN)
OB-LICSAL,2,57,17,Slow-Moving,LICOGENTA SALEP
ASF-0187,2,57,17,Slow-Moving,TOTAL CARE 250ML HIJAU
OB-EMKAP,3,57,17,Slow-Moving,EM KAPSUL
OB-WAIKOT,2,57,17,Slow-Moving,WAISAN (KOTAK)
OB-ERLNSAL,9,57,17,Slow-Moving,ERLADER- G SALEP
UM-CESKIDBIR,5,57,17,Slow-Moving,CESSA KIDS BIRU
OB-INTFTABKECPTM,13,57,17,Slow-Moving,INTUNAL F TAB KECIL (PT.MEPRO)
OB-PROFORSYR,4,57,17,Slow-Moving,PRORIS FORTE SYR
ASF-0428,11,57,17,Slow-Moving,KOFIREN TABLET
OB-KOMJAHBOX,2,57,17,Slow-Moving,KOMIX SACHET RASA JAHE/BOX
OB-BODFLUPE,1,57,17,Slow-Moving,BODREX FLU & BATUK PE BOX
OB-CETKAP,16,57,17,Slow-Moving,CETRIZINE HCI TAB NUFARINDO
OB-THRGEL,7,57,17,Slow-Moving,THROMBOPHOB GEL
OB-HUFBATKERDEWHIJ,14,57,17,Slow-Moving,HUFAGRIPP BP BATUK KERING&PILEK DEWASA
OB-HUFBPBERSYR60MHIJ,14,57,17,Slow-Moving,HUFAGRIPP BP BERDAHAK ANAK
OB-MEDKLI,2,57,17,Slow-Moving,MEDI-KLIN KUNING
OB-NEOSAL,2,57,17,Slow-Moving,NEOCENTA SALEP
OB-LAM4MG,5,57,17,Slow-Moving,LAMESON 4MG
ASF-0173,1,57,17,Slow-Moving,COOLING 5 CERRY
OB-CITPTMAH,4,57,17,Slow-Moving,CITICOLINE MAHAKAM
OB-RHISRLMP,2,57,17,Slow-Moving,rhinos sr lmp
OB-HYDACECREPTKFAR,5,57,17,Slow-Moving,HYDROCORTISONE ACETATE CREAM PT.KALBE FARMA
OB-INSREGTETMATPTPHEACAR,25,57,17,Fast-Moving,INSTO REGULER
OB-CALLACINT,6,57,17,Slow-Moving,CALCIUM LACTAT INTIJAYA
OB-BODDEMFORSYR,6,57,17,Slow-Moving,BODREXIN DEMAM FORTE SYR 60ML
OB-MAS,2,57,17,Slow-Moving,MASAMBUNG
OB-LOX75S,2,57,17,Slow-Moving,"LOXICOX 7,5MG"
OB-ERLSYR,2,57,17,Slow-Moving,ERLAC SYR
OB-NOVSYR,6,57,17,Slow-Moving,NOVASTAN SYR
OB-PRO,2,57,17,Slow-Moving,PROPEPSA
OB-PIMTRAKOLKID,6,57,17,Slow-Moving,PIM TRA KOL KIDS
ASF-0426,2,57,17,Slow-Moving,HISTAKlOR TABLET
OB-INSCOOTETMATPTPHEACAR,19,57,17,Fast-Moving,INSTO COOL
ASF-0169,1,57,17,Slow-Moving,CATOON BUDS ANAK BOTOL
OB-SUCOBGDEX,17,57,17,Fast-Moving,SUCRALFATE OBG DEXA
OB-ANARASCHESYR,5,57,17,Slow-Moving,ANAKONIDIN RASA CHERRY SYR
OB-CENPPRMD,1,57,17,Slow-Moving,CENDO P-PRED MD
UM-ZUDAIFU,23,57,17,Fast-Moving,ZU DAI FU
OB-ATOCAL,8,57,17,Slow-Moving,ATORVASTATIN CALCIUM HEXPHARM JAYA
OB-VICFOR44DEW54M,13,57,17,Slow-Moving,VICKS FORMULA 44 DEWASA 54ML
OB-CEF200OBGDEX,24,57,17,Fast-Moving,CEFIXIME 200 OGB DEXA
ASF-0445,2,57,17,Slow-Moving,KAOTIN SYR
OB-CETHYDNOV,14,57,17,Slow-Moving,CETRIZINE HCI TAB NOVEL
UM-SALMEN100DRA,3,57,17,Slow-Moving,SALICYL MENTHOL 100GR (DRAGON)
OB-OBHTROEXTSTR,11,57,17,Slow-Moving,OBH TROPICA EXTRA NON ALCOHOL STRAWBERY
OB-PROSYRSUS60M,1,57,17,Slow-Moving,PROMAG SYR SUSPENSI 60ML
ASF-0439,15,57,17,Slow-Moving,KOMIX HERBAL SACHET RASA JERUK NIPIS/SACHET
OB-OBABATCAPIBUDANANASYR75M,4,57,17,Slow-Moving,OBAT BATUK CAP IBU DAN ANAK SYR 75ML
UM-SALKF,3,57,17,Slow-Moving,SALICYL KF
ASF-0155,3,57,17,Slow-Moving,CALORLOSS
OB-CYCSUNKB1BUL,5,57,17,Slow-Moving,CYCLOFEM INJEKSI 1 BULAN
OB-CENTIMMD,3,57,17,Slow-Moving,CENDO TIMOL MD
OB-CENGEN,1,57,17,Slow-Moving,CENDO GENTA
ASF-0301,1,57,17,Slow-Moving,TROPICANA SLIM (DIABTX)
OB-AZI,1,57,17,Slow-Moving,AZITHROMYCIN
OB-SOL,21,57,17,Fast-Moving,SOLINFEC SALEP
OB-OBHCOMFLUBATRASMEN60M,14,57,17,Slow-Moving,OBH COMBI BATUK+FLU MENTHOL 60ML
OB-ZIBPRO100,2,57,17,Slow-Moving,ZIBAT PRO 100ML
ASF-088,1,57,17,Slow-Moving,LIFREE PANTS
OB-PANBIR,12,57,17,Slow-Moving,PANADOL BIRU
OB-ACTPLUCOUSUP,6,57,17,Slow-Moving,ACTIFED PLUS COUGH SUPPRESANT
OB-PRE5MGTRI,5,57,17,Slow-Moving,PREDNISONE 5MG (TRIMAN)
OB-DERULT5GR,2,57,17,Slow-Moving,DERMATIX ULTRA 5GR
OB-ONDHCLMEG,19,57,17,Fast-Moving,ONDANSETRON 4MG TAB MEGA
OB-CAR051,1,57,17,Slow-Moving,"CARBUDU 0,5 BOX"
OB-MEFTAB500,8,57,17,Slow-Moving,MEFINAL TAB 500MG
OB-GENSALKUL,6,57,17,Slow-Moving,GENOINT SALEP KULIT
OB-TERPLUSYR60M,5,57,17,Slow-Moving,TERNIX PLUS SYR 60ML
OB-DIG30M,1,57,17,Slow-Moving,DIGEST 30MG
OB-AML10MSAMKOT,4,57,17,Slow-Moving,AMLODIPINE 10MG SAMPHARINDO/BOX
ASF-026,1,57,17,Slow-Moving,ANTIMO ANAK RASA JERUK
OB-DUMSUP,3,57,17,Slow-Moving,DUMIN SUPP
OB-ALL100PTHHEX,5,57,17,Slow-Moving,ALLOPURINOL 100MG HJ
OB-BODFLUPESYR56MRASJER1,8,57,17,Slow-Moving,BODREXIN FLU&BATUK PE JERUK
OB-ERPSYR,2,57,17,Slow-Moving,ERPHAKAF SYR
OB-BENSAL,2,57,17,Slow-Moving,BENZOLAC SALEP
OB-ANDLAKPILKB,13,57,17,Slow-Moving,ANDALAN PIL KB LAKTASI MERAH
OB-CENLFX,1,57,17,Slow-Moving,CENDO L F X
OB-FLUPLUSYR,3,57,17,Slow-Moving,FLUMIN PLUS SYR
OB-DIG,7,57,17,Slow-Moving,DIGOXIN
OB-GRASYR160,6,57,17,Slow-Moving,GRAFADON SYR 160MG
ASF-0421,20,57,17,Fast-Moving,DEXANTA TABLET
OB-ALLCOM,8,57,17,Slow-Moving,ALLETROL COMPASITUM SALEP MATA
ASF-0368,2,57,17,Slow-Moving,SILADEX COUGH & COLD BIRU 100ML
OB-ARMSAL,14,57,17,Slow-Moving,ARMACORT SALEP
OB-ULTSAL,13,57,17,Slow-Moving,ULTRASILIN SALEP
OB-TRISYR60M,3,57,17,Slow-Moving,TRIOCID SYR 60ML
OB-WHYHERBAT,3,57,17,Slow-Moving,WYBERT HERBAL (BATUK)
ASF-0406,1,57,17,Slow-Moving,IMUNPED SIRUP
ASF-0178,6,57,17,Slow-Moving,POLIDENT
ASF-067,8,57,17,Slow-Moving,DIATABS
OB-VICFOR44ANASTR54ML,5,57,17,Slow-Moving,VICKS FORMULA 44 ANAK STRAWBERRY 54 ML
OB-RANINJKOT,2,57,17,Slow-Moving,RANITIDINE INJEKSI MEPRO/KOTAK
OB-HYDACESALPTEPHA,6,57,17,Slow-Moving,HYDROCORTISONE ACETATE SALEP PT.ERRITA PHARMA
OB-OBHITRSYR100,6,57,17,Slow-Moving,OBH ITRASAL SYR 100ML
OB-BODDEMSYR60M,7,57,17,Slow-Moving,BODREXIN DEMAM SYR 60ML
OB-FASDROSYR,7,57,17,Slow-Moving,FASIDOL DROPS SYR
OB-POLSYR150,4,57,17,Slow-Moving,POLYSILANE SYR 180ML
OB-CLIHYDTRO,5,57,17,Slow-Moving,CLINDAMYCIN 150MG TAB TROPICA
OB-IFASYR,2,57,17,Slow-Moving,IFARSYL SYR
OB-VITEAROIL,5,57,17,Slow-Moving,VITAL EAR OIL
OB-HUFDEMDROSYR,2,57,17,Slow-Moving,HUFAGRIPP DEMAM DROPS SYR
OB-FASSIR,14,57,17,Slow-Moving,FASIDOL SIRUP
OB-CLI300GENNOV,4,57,17,Slow-Moving,CLINDAMYCIN 300MG TAB NOVEL
OB-PAMSYR60M,1,57,17,Slow-Moving,PAMOL SYR 60ML
OB-REP400,5,57,17,Slow-Moving,REPASS 400MG
OB-PRISYR,1,57,17,Slow-Moving,PRIMADEX SYR
OB-BENTAB,13,57,17,Slow-Moving,BENEURON TAB
OB-COPSYRRASSTR,1,57,17,Slow-Moving,COPARCETIN SYR RASA STRWBERY
OB-PARINJ,1,57,17,Slow-Moving,PARACETAMOL INJEKSI
OB-ACI200,7,57,17,Slow-Moving,ACIFAR 200MG
OB-LICTAB,24,57,17,Fast-Moving,LICOKALK TAB
OB-BODFLUPESYR,3,57,17,Slow-Moving,BODREX FLU & BATUK PE SYR
OB-GAB,1,57,17,Slow-Moving,GABITEN
OB-GAB300,7,57,17,Slow-Moving,GABAPETIN 300MG PT.BERNO FARM)
OB-CATLEM,4,57,17,Slow-Moving,CATAFLAM LEMPENG
ASF-0402,1,57,17,Slow-Moving,OBH COMBI HERBAL
OB-FASFORSYR,9,57,17,Slow-Moving,FASIDOL FORTE SYR
OB-BAT1,2,57,17,Slow-Moving,BATUGIN
OB-ALO100,29,57,17,Fast-Moving,ALOFAR 100MG
OB-ALO300,22,57,17,Fast-Moving,ALOFAR 300
OB-WYBHERBAT60M,7,57,17,Slow-Moving,WYBERT HERBAL BATUK 60ML
OB-LASDEWSYR4X30M,1,57,17,Slow-Moving,LASERIN DEWASA/KOTAK ISI 4
ASF-0104,1,57,17,Slow-Moving,LION HEAO
OB-SILANTMER,5,57,17,Slow-Moving,SILADEX ANTITUSSIVE MERAH 60ML
OB-CETNOVKOT,1,57,17,Slow-Moving,CETRIZINE HCI TAB NOVEL/KOTAK
OB-WATFORINJINJ,2,57,17,Slow-Moving,WATER FOR INJECTION INJEKSI
OB-KOMKIDRASSTR,5,57,17,Slow-Moving,KOMIX KID RASA STRAWBERY
OB-KOMHERSACRASPEP,2,57,17,Slow-Moving,KOMIX HERBAL SACHET RASA PEPPERMINT/SACHET
OB-KOMHERSACRASJAH,3,57,17,Slow-Moving,KOMIX HERBAL RASA PEPPERMINT/BOX
OB-BODFLUTIDBERPESYR56MRASJER,7,57,17,Slow-Moving,BODREXIN FLU&BTK KERING DPH JERUK
UM-POVIOD,3,57,17,Slow-Moving,POVIDONE IODINE 60ML
OB-KETTROINJBOX,1,57,17,Slow-Moving,KETOROLC TROMETAMOL INJEKSI/BOX
OB-TRI,3,57,17,Slow-Moving,TRISELA TAB
OB-SALSUL2MGPTEPHA,5,57,17,Slow-Moving,SALBUTAMOL SULFATE 2MG TAB (PT.ERRITA PHARMA)
OB-PIMTRAKOLSYRRASAPE,3,57,17,Slow-Moving,PIM TRA KOL PLUS SL SYR RASA APEL
OB-VENINJ,3,57,17,Slow-Moving,VENTASAL INJEKSI
OB-CET10MHJ,7,57,17,Slow-Moving,CETRIZINE HCI TAB HJ
OB-NIF10M,2,57,17,Slow-Moving,NIFEDIFINE 10MG
OB-OBHTROEXTRASMEN,2,57,17,Slow-Moving,OBH TROPICA EXTRA MENTHOL
UM-TEMDRO15MRASSTR,11,57,17,Slow-Moving,TEMPRA DROP 0-2THN JERUK
OB-CONDEMDRORASJERSYR,8,57,17,Slow-Moving,CONTREXYN DEMAM DROPS SYR
OB-CENTOBMG,2,57,17,Slow-Moving,CENDO TOBROSON MD
OB-MECD3100IU,1,57,17,Slow-Moving,MECOVIT D 3 1000 IU
OB-GENTETMAT,2,57,17,Slow-Moving,GENOIT TETES MATA
ASF-0374,4,57,17,Slow-Moving,NELLCO OBH PE
ASF-0393,2,57,17,Slow-Moving,SELTIFORT KIDS
OB-ANTDEOGEN,19,57,17,Fast-Moving,ANTASIDA DOEN HOLI
OB-PARTRI,23,57,17,Fast-Moving,PARACETAMOL TRIFA TABLET
OB-OMEGEN,19,57,17,Fast-Moving,OMEPRAZOLE MEGA
OB-BODFLUSYR60MDOUACT,3,57,17,Slow-Moving,BODREX FLU & BATUK DOUBLE ACTION SYR
OB-ETATAB,1,57,17,Slow-Moving,ETAMOXUL TAB
OB-CONFLUBATBERSYR56M,7,57,17,Slow-Moving,CONTREXYN FLU & BATUK BERDAHAK SYR 56ML
OB-LANASI,4,57,17,Slow-Moving,LANCAR ASI
OB-PYRSYR60M,3,57,17,Slow-Moving,PYREXIN SYR 60ML
OB-PIMTRAKOLFIT,1,57,17,Slow-Moving,PIM TRA KOL FITOTORANT
UM-KADBOX,1,57,17,Slow-Moving,KADITIC BOX
ASF-0248,7,57,17,Slow-Moving,CONTREXYN DEMAM SYR 60ML
OB-AMBHYDKOT,3,57,17,Slow-Moving,AMBROXOL ERRITA TAB
OB-FARSAL,1,57,17,Slow-Moving,FARSYCOL SALEP
ASF-0424,11,57,17,Slow-Moving,ZINC SULFATE MONOHYDRATE MEPRO
OB-TRI4MG,7,57,17,Slow-Moving,TRIAMCINOLONE 4MG
UM-HELSYR,7,57,17,Slow-Moving,HELIXIM SYRUP
ASF-0213,4,57,17,Slow-Moving,BETADINE FEMININE HYGIENE
OB-CARSUSSYR60M,5,57,17,Slow-Moving,CARSIDA SUSPENSI SYR 60ML
OB-SANEXPSYR120,4,57,17,Slow-Moving,SANADRYL EXPECTORANT SYR 120ML
OB-ALLKID,13,57,17,Slow-Moving,ALLERCYL KIDS
OB-OME,1,57,17,Slow-Moving,OMEGDIAR
ASF-0405,1,57,17,Slow-Moving,HERBAKOF
OB-OBHCOMBATFLURASJAH60M,10,57,17,Slow-Moving,OBH COMBI BATUK+FLU JAHE 60ML
OB-MER500,11,57,17,Slow-Moving,MERSIBION 5000 INJEKSI
OB-ACITAB400,1,57,17,Slow-Moving,ACIFAR 400MG
OB-FAXTAB10M,10,57,17,Slow-Moving,FAXIDEN 10MG TAB
OB-OBHTROEXPSYRRASMEN,1,57,17,Slow-Moving,OBH TROPICA EXPECTORANT SYR RASA MENTHOL
OB-ALLTAB5STR8TAB,2,57,17,Slow-Moving,ALLERCYL TAB 5 STRIP 8 TAB
UM-ALLTAB,5,57,17,Slow-Moving,ALLERCYL TAB
OB-EMTTAB,15,57,17,Slow-Moving,EMTURNAS TAB
UM-ANDPILKB,11,57,17,Slow-Moving,ANDALAN PIL KB BIRU/BOX
OB-SAMTAB50M,13,57,17,Slow-Moving,SAMCOFENAC TAB 50MG
OB-GENSULSAL,2,57,17,Slow-Moving,GENTAMICIN SULFATE SALEP
OB-WYBHERANABAT60M,2,57,17,Slow-Moving,WYBERT HERBAL ANAK BATUK 60ML
UM-TEMFOR60M,3,57,17,Slow-Moving,TEMPRA FORTE SYR 60ML
OB-LASSYR,1,57,17,Slow-Moving,LASAL SYR
OB-HUF1,7,57,17,Slow-Moving,HUFABION
OB-ZENSYR100,2,57,17,Slow-Moving,ZENPEPSA SYR 100ML
UM-PHA,9,57,17,Slow-Moving,PHARMATON GO 6 KAPSUL
OB-BODFLUDOUACT,5,57,17,Slow-Moving,BODREX FLU & BATUK DOUBLE ACTION TAB
OB-TEMSIR30M,5,57,17,Slow-Moving,TEMPRA SYR 30ML
OB-OBHCOMANARASAPESYR60M,8,57,17,Slow-Moving,OBH COMBI ANAK RASA APEL 60ML
OB-OBHCOMANARASMADSYR60M,5,57,17,Slow-Moving,OBH COMBI ANAK RASA MADU 60ML
OB-ANAPLUSYR60M,4,57,17,Slow-Moving,ANACETIN PLUS SYR 60ML
ASF-0394,1,57,17,Slow-Moving,STIMUNO GRAPE FALVOR(UNGU)
OB-BECCTAB,15,57,17,Slow-Moving,BECOM C TABLET
OB-WYBHERBATPLU,6,57,17,Slow-Moving,WYBERT HERBAL BATUK PLUS
OB-MET4MGTABPTT,23,57,17,Fast-Moving,METHYL 4MG TAB (PT.TRIFA)
OB-SILMUCEXP30MBTKBDH,7,57,17,Slow-Moving,SILADEX MUCOLYTIC & EXPECTORANT HIJAU 30ML
OB-ACTPLUEXPHIJ,4,57,17,Slow-Moving,ACTIFED PLUS EXPECTORANT
ASF-0372,2,57,17,Slow-Moving,COUGH'S FRIEND SYR
UM-BROPLUSYR60M,2,57,17,Slow-Moving,BROMIFAR PLUS SYR 60ML
OB-LIPSYRRASSTR,8,57,17,Slow-Moving,LIPEPSA SYR (RASA STRAWBERY)
OB-DICSOD50MPTSOGB,16,57,17,Slow-Moving,DICLOFENAC SODIUM 50MG TAB OGB
OB-MET4MGTABPTH,20,57,17,Fast-Moving,METHYL 4MG TAB (PT.HJHEXPHARMA)
UM-GIN,3,57,17,Slow-Moving,GINIFAR
OB-BETDIPKRI10G,4,57,17,Slow-Moving,"BETAMETHASONE DIPROPIONATE KRIM 0,5MG"
OB-VIT01,1,57,17,Slow-Moving,"VITACIT 0,1%"
OB-LVITD3100PTLLAB,2,57,17,Slow-Moving,L VIT D3 1000 (PT.LAPI LABORATORIES)
OB-PANSYRDEMANA16THN,1,57,17,Slow-Moving,PANADOL SYR DEMAM ANAK 1-6 THN
OB-FARTAB500,17,57,17,Fast-Moving,FARIZOL TAB 500MG
OB-NEONAPBOX,1,57,17,Slow-Moving,NEO NAPACIN (BOX)
OB-KANSOFCRE,3,57,17,Slow-Moving,KANNA (SOFT CREAM)
UM-BEDSALMEN60G,5,57,17,Slow-Moving,BEDAK SALICYL MENTHOL PINK 60G
ASF-061,1,57,17,Slow-Moving,Esemag rasa mint
ASF-0425,3,57,17,Slow-Moving,DEXTEEM TABLET
OB-PACCOUSYR60MKUN,2,57,17,Slow-Moving,PACDIN COUGHT SYR 60ML (KUNING)
OB-OND,2,57,17,Slow-Moving,ODANOSTIN
OB-LIBSYRBATDEM60M,1,57,17,Slow-Moving,LIBEBI SYR BATUK & DEMAM 60ML
OB-OBHCOMBATFLUMADSYR60ML,7,57,17,Slow-Moving,OBH COMBI BATUK+FLU MADU 60ML
OB-MEFACIYEKFAR,11,57,17,Slow-Moving,MEFENAMIC ACID YEKATRIA FARMA
OB-CETHYD,8,57,17,Slow-Moving,CETRIZINE HCI TAB OGB
OB-BISFUM,4,57,17,Slow-Moving,BISOPROLOL FUMARATE HJ
OB-IBU400BAL,11,57,17,Slow-Moving,IBU PROFEN 400MG BALATIF
OB-HUF15M,1,57,17,Slow-Moving,HUFAXICAM 15MG
OB-LAMSYR60M,6,57,17,Slow-Moving,LAMBUCID SYR 60ML
OB-BUF1,5,57,17,Slow-Moving,BUFACIPRO
UM-BEDSALNONMEN60G,1,57,17,Slow-Moving,BEDAK SALICYL NON MENTHOL BIRU 60G
OB-OMENOV,6,57,17,Slow-Moving,OMEPRAZOLE TAB NOVELL
UM-FARRASSTRSYR,13,57,17,Slow-Moving,FARSIFEN RASA STRAWBERRY SYR
OB-NEUTABBIR,5,57,17,Slow-Moving,NEUROBION TAB BIRU
OB-AMBHCL30MPTN,13,57,17,Slow-Moving,AMBROXOL TABLET NOVAPHARIN
ASF-0237,3,57,17,Slow-Moving,BODREXIN HERBAL BATUK
OB-COPSYR60ML,3,57,17,Slow-Moving,COPARCETIN SYR
ASF-0186,1,57,17,Slow-Moving,TOTAL CARE 250ML PINK
OB-DERTONEMED,4,57,17,Slow-Moving,DERMAFIX T ONE MED
OB-ERLSYR60M,3,57,17,Slow-Moving,ERLAMOL SYR 60ML
OB-CALLAC500NOV,7,57,17,Slow-Moving,CALCIUM LACTATE NOVA
OB-TEMSYR60M,3,57,17,Slow-Moving,TEMPRA SYR 60ML
OB-PLAFORSIR,1,57,17,Slow-Moving,PLANTACID FORTE SIRUP
OB-THRGEL1,5,57,17,Slow-Moving,THROMBOGELL GEL 10 GRAM
OB-MET8MGBER,3,57,17,Slow-Moving,METHILPREDNISOLONE 8MG BERNO
OB-RHE8MGTABPTI,12,57,17,Slow-Moving,RHEMAFAR 8MG
ASF-0457,6,57,17,Slow-Moving,FLUMIN
UM-ITRSYR100,2,57,17,Slow-Moving,ITRABAT SYR 100ML
OB-LORTAB10MPTN,7,57,17,Slow-Moving,LORATADINE TAB 10MG (PT.NOVAPHARIN)
OB-BCOMTABPTN,9,57,17,Slow-Moving,B COMPLEX TAB PT.NOVA
OB-EMTSYR60M,4,57,17,Slow-Moving,EMTURNAS SYR 60ML
UM-HERAGA,2,57,17,Slow-Moving,HERBAL DRINK AGARILLUS
UM-SAYFEV,7,57,17,Slow-Moving,SAYONARA FEVER
OB-KETHJ,7,57,17,Slow-Moving,KETOCONAZOLE TAB HJ
OB-GENSULSAL0BER,3,57,17,Slow-Moving,"GENTAMICIN SULFATE SALEP 0,% (BERNOFARM)"
OB-KOMOBH1,1,57,17,Slow-Moving,KOMIX OBH/BOX
OB-CIPPTN,15,57,17,Slow-Moving,CIPROFLOXACIN HCL NOVAPHARIN
OB-OBHTROEXTSTR1,2,57,17,Slow-Moving,OBH TROPICA EXTRA STRAWBERRY 60ML
OB-AML10MTRI,18,57,17,Fast-Moving,AMLODIPINE 10MG TRIFA
OB-DECOUSTRFORCHI,1,57,17,Slow-Moving,DE COUGH STRAWBERRY FOR CHILDREN
OB-CHLHSAL10GRA,5,57,17,Slow-Moving,CHLORAMFECORT H SALEP 10 GRAM
OB-MOLSYR60M,3,57,17,Slow-Moving,MOLAFATE SYR 60ML
OB-MEL15MTRO,7,57,17,Slow-Moving,MELOXICAM 15MG TROPICA
OB-FASTAB1,9,57,17,Slow-Moving,FASGO TABLET
OB-ZINSULMONSYRPTTEM,2,57,17,Slow-Moving,ZINC SULFATE MONOHYDRATE SYR PT TEMPO
OB-FASFOR,11,57,17,Slow-Moving,FASIDOL FORTE
OB-PEHINJ,2,57,17,Slow-Moving,PEHACAIN INJEKSI
OB-PACCOUSYR60MRASSTR,3,57,17,Slow-Moving,PACDIN COUGHT SYR 60ML (RASA STRAWBERY)
OB-MAASUSSYR60M,1,57,17,Slow-Moving,MAAGGEL SUSPENSI SYR 60ML
OB-ASAFOLHOLPHA,7,57,17,Slow-Moving,ASAM FOLAT HOLI PHARMA
OB-MEL75MTABPTN,6,57,17,Slow-Moving,"MELOXICAM 7,5MG NOVAPHARIN"
OB-AMLBES10M,2,57,17,Slow-Moving,AMLODIPINE 10MG TRIFA/BOX
OB-WOOPEPEXP100,2,57,17,Slow-Moving,WOODS PEPPERMINT EXPECTORANT 100ML
OB-FUNSAL,6,57,17,Slow-Moving,FUNGIDERM SALEP
UM-NATEXSIKAGAB,7,57,17,Slow-Moving,NATAPRO (EXSTRAK IKAN GABUS)
OB-GRA4MG1,2,57,17,Slow-Moving,GRAFALIN 4MG/BOX
OB-SAM1,1,57,17,Slow-Moving,SAMCODIN/BOX
OB-MET500TABPTH,3,57,17,Slow-Moving,METRONIDAZOLE 500MG TAB (PT.HOL)
OB-INTSYR60M,4,57,17,Slow-Moving,INTUNAL SYR 60ML
OB-TERDRO02TSTR,4,57,17,Slow-Moving,TEMPRA DROP 0-2THN STRAWBERRY
OB-ANDLAKHIJ,8,57,17,Slow-Moving,ANDALAN PIL KB HIJAU/LEMPENG
OB-BODBATDAUACT,2,57,17,Slow-Moving,BODREX BATUK DAUBLE ACTION TAB
OB-SEHGIN,4,57,17,Slow-Moving,SEHAT GIN
OB-MEFACITABPTAFIFAR,8,57,17,Slow-Moving,MEFENAMIC ACID TAB PT. AFI FARMA
OB-BODTAB,2,57,17,Slow-Moving,BODREXIN TABLET/PCS
OB-TERSYRRASJER30M,2,57,17,Slow-Moving,TERMOREX SYR (RASA JERUK) 30ML
OB-DEXBOX,1,57,17,Slow-Moving,DEXTAF /BOX
OB-VIT2CRE15GRA,2,57,17,Slow-Moving,VITAQUIN 2% CREAM 15 GRAM
OB-ZIBPRO300,2,57,17,Slow-Moving,ZIBAT PRO 300ML
OB-RECTETTEL10M,6,57,17,Slow-Moving,RECO TETES TELINGA 10ML
OB-NYSDRO12M,3,57,17,Slow-Moving,NYSTATIN DROPS 12ML
OB-FATSPITABMER,2,57,17,Slow-Moving,FATIGON SPIRIT TAB MERAH
OB-BETVALOGB,2,57,17,Slow-Moving,BETAMETHASONE VALERATE OGB
OB-ATMSUSSYR60M,2,57,17,Slow-Moving,ATMACID SUSPENSI SYR
OB-ANDLAKHIJ1,3,57,17,Slow-Moving,ANDALAN PIL KB HIJAU/ BOX
OB-ZEV5MG,4,57,17,Slow-Moving,ZEVASK 5MG
UM-GRI500GEN,4,57,17,Slow-Moving,GRISEOFULVIN 500MG GENERIK
OB-FATTABPUT,2,57,17,Slow-Moving,FATIGON TAB PUTIH
OB-PIMTRAKOLFIT1,1,57,17,Slow-Moving,PIM TRA KOL FITOTUSIVE
OB-CETHOL,1,57,17,Slow-Moving,CETRIZINE HCI HOLI/BOX
OB-BUF2,1,57,17,Slow-Moving,BUFACARYL/BOX
UM-BISCOKOWLEGG,11,57,17,Slow-Moving,BISKUIT COKLAT OWLS EGG
UM-NELSPEOBH,3,57,17,Slow-Moving,NELLCO SPECIAL OBH HERBAL 55ML
OB-ENBPOW1,2,57,17,Slow-Moving,ENBATIC POWDER/PCS
OB-WOOPEPANT60M,3,57,17,Slow-Moving,WOODS PEPPERMINT ANTITUSSIVE 60ML
OB-ACEIPH,5,57,17,Slow-Moving,ACETYLCYSTEIN IPHA
OB-CALGEL,1,57,17,Slow-Moving,CALINDA GEL
ASF-0390,2,57,17,Slow-Moving,BIOLISIN SMART
OB-ERLPLUTETTEL,2,57,17,Slow-Moving,ETT PLUS TETES TELINGA
OB-ZACSYR,3,57,17,Slow-Moving,ZACOLDINE SYR
OB-AMBHCLSYR,1,57,17,Slow-Moving,AMBROXOL SYR BERNOFARM
OB-MIRSYR,1,57,17,Slow-Moving,MIRASIC SYR
OB-VESDRO,2,57,17,Slow-Moving,VESPERUM DROPS
OB-ODR,1,57,17,Slow-Moving,ODR SYR
AK-ALTLATL,2,57,17,Slow-Moving,ALTAMED LATEX UK L/BOX
OB-RECTETMAT10M,3,57,17,Slow-Moving,RECO TETES MATA 10ML
OB-ERLKRI01,4,57,17,Slow-Moving,"ERLADERM KRIM 0,1"
OB-NEOUNICOUSYR60MKUN,2,57,17,Slow-Moving,NEO UNIBEBI COUGHT SYR 60ML (KUNING)
OB-PANCOLFLUHIJ,2,57,17,Slow-Moving,PANADOL COLD & FLU (HIJAU)
OB-LASDEW,5,57,17,Slow-Moving,LASERIN DEWASA/BOTOL
OB-MECMUL,3,57,17,Slow-Moving,MECOBALAMIN MULIA
OB-GLI3MGPTH,4,57,17,Slow-Moving,GLIMEPIRIDE 3MG HJ
OB-KETNOV,2,57,17,Slow-Moving,KETOCONAZOLE TAB NOVAPHARIN
OB-CATFAS,3,57,17,Slow-Moving,CATAFLAM FAST
OB-CEFSODINJMEP,2,57,17,Slow-Moving,CEFOTAXIM SODIUM INJEKSI MEPRO
OB-CANALE16M,2,57,17,Slow-Moving,CANDESARTAN ALEXETIL 16MG
OB-AMLBES10MSAM,7,57,17,Slow-Moving,AMLODIPINE 10MG SAMCO
OB-AMOTABNOV,10,57,17,Slow-Moving,AMOXICILLIN TAB NOVA
UM-CHOCUB,10,57,17,Slow-Moving,CHOCO CUBE
OB-FASFORTAB,4,57,17,Slow-Moving,FASGO FORTE TABLET
OB-CODLIVOILBOT,3,57,17,Slow-Moving,COD LIVER OIL BOTOL
OB-AML5MGSAM,7,57,17,Slow-Moving,AMLODIPINE 5MG SAMCO
OB-PARTAB1,2,57,17,Slow-Moving,PARAFLU TABLET
OB-LANBER,5,57,17,Slow-Moving,LANSOPRAZOLE BERNOFARM
OB-MEL75TRI,8,57,17,Slow-Moving,"MELOXICAM 7,5 TRIMAN"
UM-IKAGAN100BOT,2,57,17,Slow-Moving,IKA GANDAPURA 100% (BOTOL)
OB-IFATAB,4,57,17,Slow-Moving,IFARSYL TAB
OB-SIM10MHEXJAY10MBOX,1,57,17,Slow-Moving,SIMVASTATIN 10MG HEXPHARM JAYA 10MG/ BOX
OB-CITBER,2,57,17,Slow-Moving,CITICOLINE BERNOFARM
ASF-0326,1,57,17,Slow-Moving,HOT BOTOL WATER 2LITER
ASF-0440,5,57,17,Slow-Moving,KOMIX SACHET RASA JAHE/SACHET
OB-AMBHCLPTI,7,57,17,Slow-Moving,AMBROXOL HCL TAB PT.IMFARMIND
OB-ANTDOETABTRI,6,57,17,Slow-Moving,ANTASIDA DOEN TAB TRIFA
UM-TOTCARCOOMIN,1,57,17,Slow-Moving,TOTAL CARE 100ML BIRU
OB-BODPILALE,2,57,17,Slow-Moving,BODREX PILEK ALERGI
OB-ANTDOESYRMER,1,57,17,Slow-Moving,ANTASIDA DOEN SYR MERSI
OB-KEJLOS,3,57,17,Slow-Moving,KEJIBELING LOSMANS
OB-TRETAB,2,57,17,Slow-Moving,TREMENZA TAB
OB-BETTAB,5,57,17,Slow-Moving,BETAMOL TAB
OB-BODDEMDRYSYR,1,57,17,Slow-Moving,BODREXIN DEMAM DRY SYRUP
AK-ONEKOTP3K,1,57,17,Slow-Moving,ONEMED KOTAK P3K
OB-ERL1,2,57,17,Slow-Moving,ERLADERM-N
OB-SILCOUFLU60M,1,57,17,Slow-Moving,SILADEX COUGH & FLU UNGU 60ML
OB-SPI25MOGB,3,57,17,Slow-Moving,SPIRONOLACTONE 25MG OGB
OB-PARERRTAB,5,57,17,Slow-Moving,PARACETAMOL ERRITA TABLET
OB-MOM,1,57,17,Slow-Moving,MOMILEN NURSING CREAM
OB-PIMTRAKOLRASLEM,3,57,17,Slow-Moving,PIM TRA KOL RASA LEMON
OB-RANINJMER,2,57,17,Slow-Moving,RANITIDINE INJEKSI MERSI/AMPUL
OB-OND4MGINJBER,1,57,17,Slow-Moving,ONDANSETRON 4MG INJEKSI BERNOFARM/KOTAK
OB-VIT005,2,57,17,Slow-Moving,"VITACIT 0,05%"
UM-BREMILSTOBAG,1,57,17,Slow-Moving,BREAST MILK STORAGE BAG
OB-OBHER30M,2,57,17,Slow-Moving,OB HERBAL 30ML
UM-DIOTOTCARMENBLA,1,57,17,Slow-Moving,DEODORAN TOTAL CARE MEN BLACK
OB-STRMENFLA,1,57,17,Slow-Moving,STREPSIL MENTHOL FLAVOUR BIRU
UM-HERAGADRO,1,57,17,Slow-Moving,HERBAL AGARILLUS DROP
OB-DRKOOBAY,3,57,17,Slow-Moving,DR KOOL BAYI
OB-ACI5MGSALBER,2,57,17,Slow-Moving,ACICLOVIR 5MG SALEP BERNOFARM
OB-KAPHSBLI,1,57,17,Slow-Moving,KAPSIDA HS BLISTER
OB-REN1,1,57,17,Slow-Moving,RENADINAC/KOTAK
OB-HUFTAB,1,57,17,Slow-Moving,HUFANOXIL TAB/KOTAK
OB-MEX1,1,57,17,Slow-Moving,MEXON/KOTAK
OB-GAB300OGBDEX,1,57,17,Slow-Moving,GABAPETIN 300MG (OGB DEXA)
OB-GLI1MGHJ,1,57,17,Slow-Moving,GLIMEPIRIDE 1MG HJ
OB-ANTDOEPOTPTUUU,1,57,17,Slow-Moving,ANTASIDA DOEN POT PT.UNIVERSAL
OB-GASBOX,1,57,17,Slow-Moving,GASELA BOX
UM-TOTCARLEMHER,1,57,17,Slow-Moving,TOTAL CARE 100ML HIJAU
OB-CENHYAMD,1,57,17,Slow-Moving,CENDO HYALUB MD
OB-GLI4MGOGBDEX,1,57,17,Slow-Moving,GLIMEPIRID 4MG OGB DEXA
ASF-0427,1,57,17,Slow-Moving,ALERMAX TABLET
OB-AMLBES10MSAMBOX,1,57,17,Slow-Moving,AMLODIPINE BESILATE 10MG SAMCO /BOX
OB-SCAPLU,1,57,17,Slow-Moving,SCANDERMA PLUS
ASF-0392,1,57,17,Slow-Moving,ANABION
OB-BISFUM5MG,1,57,17,Slow-Moving,BISOPROLOL FUMARATE 5MG OGB
